,File_Path,Date_Time,Encounter_Start,Encounter,Max_Prob,Targets,Prediction,Probability,Second_Pred,Second_Prob,Third_Pred,Third_Prob,Crop,x_min,y_min,Width,Height,Confidence,Banded Dotterel,Banded Rail,Bellbird,Black Backed Gull,Black Billed Gull,Black Fronted Tern,Blackbird,brown_creeper,Canada Goose,Cat,Chamois,Chicken,Cow,Crake,Deer,Dog,Dunnock,Fantail,fernbird,Ferret,Finch,Fiordland Crested Penguin,Goat,Grey Warbler,Hare,Harrier,Hedgehog,Horse,Human,Kaka,kakapo,Kea,Kereru,Kiwi,Little Blue Penguin,long_tailed_cuckoo,Magpie,Mallard,Morepork,Mouse,Myna,NZ Falcon,Oystercatcher,Paradise Duck,Parakeet,Pateke,Pheasant,Pig,Pipit,Possum,Pukeko,Quail,Rabbit,Rat,Redpoll,Rifleman,Robin,Rosella,Sealion,Sheep,Shore Plover,Silvereye,Sparrow,Spur-winged Plover,Starling,Stilt,Stoat,Swan,Tahr,Takahe,Thrush,Tieke,Tomtit,Tui,Wallaby,Weasel,Weka,White Faced Heron,Wrybill,Yellow Eyed Penguin,Yellowhammer
0,/media/olly/Red_SSD/Sample_Imgs_For_Natty/images/blackbird/1BC585F8-ED81-4B14-A5C3-63C96461506C.JPG,20/01/2020 16:00:23,16:00:23,Blackbird,0.853,blackbird,Blackbird,0.853,Thrush,0.064,Dunnock,0.006,"[0.7768, 0.2211, 1.0, 0.6158]",0.794,0.307,0.206,0.223,0.879,0.0,0.0,0.004,0.0,0.0,0.0,0.853,0.0,0.0,0.001,0.0,0.0,0.0,0.0,0.001,0.0,0.006,0.0,0.0,0.0,0.003,0.0,0.0,0.0,0.001,0.0,0.001,0.0,0.001,0.0,0.0,0.0,0.0,0.0,0.0,0.0,0.0,0.0,0.0,0.002,0.0,0.0,0.0,0.0,0.002,0.0,0.0,0.0,0.0,0.001,0.0,0.001,0.001,0.001,0.0,0.001,0.005,0.0,0.0,0.0,0.0,0.0,0.0,0.0,0.0,0.0,0.002,0.0,0.0,0.0,0.064,0.0,0.002,0.001,0.0,0.0,0.001,0.0,0.0,0.0,0.0
1,/media/olly/Red_SSD/Sample_Imgs_For_Natty/images/blackbird/1D0F8E77-21C6-45F4-9CB2-9E338510AD7C.JPG,22/01/2020 14:32:44,14:32:44,Blackbird,0.97,blackbird,Blackbird,0.97,Thrush,0.005,Robin,0.001,"[0.6514, 0.2178, 0.8746, 0.6125]",0.66,0.324,0.208,0.184,0.932,0.0,0.0,0.001,0.0,0.0,0.0,0.97,0.0,0.0,0.0,0.0,0.0,0.0,0.0,0.0,0.0,0.001,0.0,0.0,0.0,0.0,0.0,0.0,0.0,0.0,0.0,0.0,0.0,0.0,0.0,0.0,0.0,0.0,0.0,0.0,0.0,0.0,0.0,0.0,0.001,0.0,0.0,0.0,0.0,0.001,0.0,0.0,0.0,0.0,0.0,0.0,0.0,0.0,0.0,0.0,0.0,0.001,0.0,0.0,0.0,0.0,0.0,0.0,0.0,0.0,0.0,0.0,0.0,0.0,0.0,0.005,0.0,0.001,0.0,0.0,0.0,0.0,0.0,0.0,0.0,0.0
2,/media/olly/Red_SSD/Sample_Imgs_For_Natty/images/blackbird/1E949D22-4CEC-4E1D-BABE-CEDBB9E23099.JPG,22/01/2020 14:32:49,14:32:44,Blackbird,0.97,blackbird,Blackbird,0.944,Thrush,0.011,Robin,0.003,"[0.6518, 0.25, 0.875, 0.6447]",0.655,0.382,0.218,0.132,0.904,0.0,0.0,0.002,0.0,0.0,0.0,0.944,0.0,0.0,0.001,0.0,0.0,0.0,0.0,0.0,0.0,0.001,0.0,0.0,0.0,0.001,0.0,0.0,0.0,0.0,0.0,0.001,0.0,0.001,0.0,0.0,0.0,0.0,0.0,0.0,0.0,0.0,0.0,0.0,0.001,0.0,0.0,0.0,0.0,0.002,0.0,0.0,0.0,0.0,0.001,0.0,0.0,0.001,0.0,0.0,0.0,0.003,0.0,0.0,0.0,0.0,0.0,0.0,0.0,0.0,0.0,0.002,0.0,0.0,0.0,0.011,0.0,0.001,0.0,0.001,0.0,0.0,0.0,0.0,0.0,0.0
3,/media/olly/Red_SSD/Sample_Imgs_For_Natty/images/blackbird/3A6DA06B-2E8B-43EC-813F-B7A4829913D5.JPG,06/12/2022 14:26:21,14:26:21,Blackbird,1.0,blackbird,Blackbird,1.0,Thrush,0.0,Fiordland Crested Penguin,0.0,"[0.5048, 0.2294, 0.7281, 0.6283]",0.56,0.338,0.114,0.182,0.946,0.0,0.0,0.0,0.0,0.0,0.0,1.0,0.0,0.0,0.0,0.0,0.0,0.0,0.0,0.0,0.0,0.0,0.0,0.0,0.0,0.0,0.0,0.0,0.0,0.0,0.0,0.0,0.0,0.0,0.0,0.0,0.0,0.0,0.0,0.0,0.0,0.0,0.0,0.0,0.0,0.0,0.0,0.0,0.0,0.0,0.0,0.0,0.0,0.0,0.0,0.0,0.0,0.0,0.0,0.0,0.0,0.0,0.0,0.0,0.0,0.0,0.0,0.0,0.0,0.0,0.0,0.0,0.0,0.0,0.0,0.0,0.0,0.0,0.0,0.0,0.0,0.0,0.0,0.0,0.0,0.0
4,/media/olly/Red_SSD/Sample_Imgs_For_Natty/images/blackbird/3AC9F88C-9989-46B6-8DB5-5C3B2196BA22.JPG,06/12/2022 14:26:23,14:26:21,Blackbird,1.0,blackbird,Blackbird,0.963,Robin,0.007,Thrush,0.004,"[0.6205, 0.0, 0.8438, 0.3989]",0.701,0.037,0.063,0.176,0.939,0.0,0.0,0.001,0.0,0.0,0.0,0.963,0.0,0.0,0.0,0.0,0.0,0.0,0.0,0.0,0.0,0.0,0.0,0.0,0.0,0.0,0.0,0.0,0.0,0.0,0.0,0.0,0.0,0.0,0.0,0.0,0.0,0.0,0.0,0.0,0.0,0.0,0.0,0.0,0.0,0.0,0.0,0.0,0.0,0.001,0.0,0.0,0.0,0.0,0.0,0.0,0.0,0.0,0.0,0.0,0.0,0.007,0.0,0.0,0.0,0.0,0.0,0.0,0.0,0.0,0.0,0.0,0.0,0.0,0.0,0.004,0.0,0.001,0.0,0.0,0.0,0.0,0.0,0.0,0.0,0.0
5,/media/olly/Red_SSD/Sample_Imgs_For_Natty/images/blackbird/2CB21F01-71AB-4529-9546-BE28FBC815E7.JPG,06/12/2022 15:39:25,15:39:25,Blackbird,0.967,blackbird,Blackbird,0.967,Robin,0.004,Thrush,0.003,"[0.3192, 0.3517, 0.5424, 0.7507]",0.367,0.497,0.128,0.109,0.924,0.0,0.0,0.002,0.0,0.0,0.0,0.967,0.0,0.0,0.0,0.0,0.0,0.0,0.0,0.0,0.0,0.0,0.0,0.0,0.0,0.0,0.0,0.0,0.0,0.0,0.0,0.0,0.0,0.0,0.0,0.0,0.0,0.0,0.0,0.0,0.0,0.0,0.0,0.0,0.001,0.0,0.0,0.0,0.0,0.0,0.0,0.0,0.0,0.0,0.0,0.0,0.0,0.0,0.0,0.0,0.0,0.004,0.0,0.0,0.0,0.0,0.0,0.0,0.0,0.0,0.0,0.0,0.0,0.0,0.0,0.003,0.0,0.001,0.0,0.0,0.0,0.0,0.0,0.0,0.0,0.0
6,/media/olly/Red_SSD/Sample_Imgs_For_Natty/images/blackbird/1CF32E75-B4D1-4B89-86C8-3A562B40DA55.JPG,10/12/2022 07:23:41,07:23:41,Blackbird,0.739,blackbird,Blackbird,0.739,Robin,0.103,Thrush,0.036,"[0.6879, 0.0299, 0.9111, 0.4289]",0.753,0.141,0.093,0.178,0.791,0.0,0.0,0.013,0.0,0.0,0.0,0.739,0.0,0.0,0.0,0.0,0.0,0.0,0.0,0.001,0.0,0.009,0.002,0.0,0.0,0.005,0.0,0.0,0.0,0.001,0.0,0.0,0.0,0.0,0.002,0.0,0.001,0.001,0.0,0.0,0.0,0.0,0.0,0.0,0.001,0.0,0.0,0.0,0.0,0.025,0.0,0.0,0.0,0.0,0.001,0.0,0.0,0.0,0.001,0.0,0.002,0.103,0.0,0.0,0.0,0.0,0.001,0.0,0.0,0.0,0.0,0.0,0.0,0.0,0.0,0.036,0.001,0.01,0.004,0.0,0.0,0.004,0.0,0.0,0.0,0.0
7,/media/olly/Red_SSD/Sample_Imgs_For_Natty/images/blackbird/3B4F1711-82C9-4015-892F-E7E863A86EC0.JPG,24/12/2022 13:41:10,13:41:10,Blackbird,0.997,blackbird,Blackbird,0.997,Thrush,0.0,Robin,0.0,"[0.7768, 0.5419, 1.0, 0.9408]",0.822,0.601,0.178,0.281,0.903,0.0,0.0,0.0,0.0,0.0,0.0,0.997,0.0,0.0,0.0,0.0,0.0,0.0,0.0,0.0,0.0,0.0,0.0,0.0,0.0,0.0,0.0,0.0,0.0,0.0,0.0,0.0,0.0,0.0,0.0,0.0,0.0,0.0,0.0,0.0,0.0,0.0,0.0,0.0,0.0,0.0,0.0,0.0,0.0,0.0,0.0,0.0,0.0,0.0,0.0,0.0,0.0,0.0,0.0,0.0,0.0,0.0,0.0,0.0,0.0,0.0,0.0,0.0,0.0,0.0,0.0,0.0,0.0,0.0,0.0,0.0,0.0,0.0,0.0,0.0,0.0,0.0,0.0,0.0,0.0,0.0
8,/media/olly/Red_SSD/Sample_Imgs_For_Natty/images/chaffinch/56227217-806E-4A20-A60B-CCF7BE1D9E35.JPG,03/12/2022 14:40:37,14:40:37,Finch,0.996,unknown,Finch,0.996,Redpoll,0.0,Tomtit,0.0,"[0.7768, 0.381, 1.0, 0.7799]",0.838,0.499,0.118,0.165,0.944,0.0,0.0,0.0,0.0,0.0,0.0,0.0,0.0,0.0,0.0,0.0,0.0,0.0,0.0,0.0,0.0,0.0,0.0,0.0,0.0,0.996,0.0,0.0,0.0,0.0,0.0,0.0,0.0,0.0,0.0,0.0,0.0,0.0,0.0,0.0,0.0,0.0,0.0,0.0,0.0,0.0,0.0,0.0,0.0,0.0,0.0,0.0,0.0,0.0,0.0,0.0,0.0,0.0,0.0,0.0,0.0,0.0,0.0,0.0,0.0,0.0,0.0,0.0,0.0,0.0,0.0,0.0,0.0,0.0,0.0,0.0,0.0,0.0,0.0,0.0,0.0,0.0,0.0,0.0,0.0,0.0
9,/media/olly/Red_SSD/Sample_Imgs_For_Natty/images/chaffinch/2D663267-409A-4D1A-80E3-816BAF6744DC.JPG,23/12/2022 14:43:13,14:43:13,Finch,0.999,unknown,Finch,0.995,Rifleman,0.0,Wallaby,0.0,"[0.4468, 0.1689, 0.67, 0.5678]",0.498,0.312,0.122,0.113,0.793,0.0,0.0,0.0,0.0,0.0,0.0,0.0,0.0,0.0,0.0,0.0,0.0,0.0,0.0,0.0,0.0,0.0,0.0,0.0,0.0,0.995,0.0,0.0,0.0,0.0,0.0,0.0,0.0,0.0,0.0,0.0,0.0,0.0,0.0,0.0,0.0,0.0,0.0,0.0,0.0,0.0,0.0,0.0,0.0,0.0,0.0,0.0,0.0,0.0,0.0,0.0,0.0,0.0,0.0,0.0,0.0,0.0,0.0,0.0,0.0,0.0,0.0,0.0,0.0,0.0,0.0,0.0,0.0,0.0,0.0,0.0,0.0,0.0,0.0,0.0,0.0,0.0,0.0,0.0,0.0,0.0
10,/media/olly/Red_SSD/Sample_Imgs_For_Natty/images/chaffinch/E31ECE01-BE8A-4780-B3FF-6C1ECE8872BF.JPG,23/12/2022 14:43:15,14:43:13,Finch,0.999,unknown,Finch,0.982,Rifleman,0.003,Silvereye,0.001,"[0.5052, 0.1536, 0.7284, 0.5525]",0.561,0.286,0.112,0.134,0.913,0.0,0.0,0.001,0.0,0.0,0.0,0.0,0.0,0.0,0.0,0.0,0.0,0.0,0.0,0.0,0.0,0.001,0.0,0.0,0.0,0.982,0.0,0.0,0.0,0.0,0.0,0.0,0.0,0.0,0.0,0.0,0.0,0.0,0.0,0.0,0.0,0.0,0.0,0.0,0.0,0.0,0.0,0.0,0.0,0.0,0.0,0.0,0.0,0.0,0.0,0.0,0.0,0.0,0.0,0.001,0.003,0.0,0.0,0.0,0.0,0.0,0.001,0.0,0.0,0.0,0.0,0.0,0.0,0.0,0.0,0.0,0.0,0.001,0.0,0.001,0.0,0.0,0.0,0.0,0.0,0.0
11,/media/olly/Red_SSD/Sample_Imgs_For_Natty/images/chaffinch/6F4DE5EE-6208-496F-8DC9-BB2D82689137.JPG,23/12/2022 14:43:17,14:43:13,Finch,0.999,unknown,Finch,0.999,Fiordland Crested Penguin,0.0,Goat,0.0,"[0.5082, 0.1695, 0.7314, 0.5685]",0.574,0.316,0.092,0.108,0.849,0.0,0.0,0.0,0.0,0.0,0.0,0.0,0.0,0.0,0.0,0.0,0.0,0.0,0.0,0.0,0.0,0.0,0.0,0.0,0.0,0.999,0.0,0.0,0.0,0.0,0.0,0.0,0.0,0.0,0.0,0.0,0.0,0.0,0.0,0.0,0.0,0.0,0.0,0.0,0.0,0.0,0.0,0.0,0.0,0.0,0.0,0.0,0.0,0.0,0.0,0.0,0.0,0.0,0.0,0.0,0.0,0.0,0.0,0.0,0.0,0.0,0.0,0.0,0.0,0.0,0.0,0.0,0.0,0.0,0.0,0.0,0.0,0.0,0.0,0.0,0.0,0.0,0.0,0.0,0.0,0.0
12,/media/olly/Red_SSD/Sample_Imgs_For_Natty/images/chaffinch/E9D85FB7-AC33-4E4C-AE73-99E9EFB67B88.JPG,27/12/2022 14:00:04,14:00:04,Finch,0.979,unknown,Finch,0.979,Bellbird,0.004,Blackbird,0.002,"[0.1079, 0.2046, 0.3311, 0.5993]",0.187,0.358,0.066,0.088,0.635,0.0,0.0,0.004,0.0,0.0,0.0,0.002,0.0,0.0,0.0,0.0,0.0,0.0,0.0,0.0,0.0,0.001,0.0,0.0,0.0,0.979,0.0,0.0,0.0,0.0,0.0,0.0,0.0,0.0,0.0,0.0,0.0,0.0,0.0,0.0,0.0,0.0,0.0,0.0,0.0,0.0,0.0,0.0,0.0,0.0,0.0,0.0,0.0,0.0,0.0,0.0,0.0,0.0,0.0,0.0,0.001,0.0,0.0,0.0,0.0,0.0,0.0,0.0,0.0,0.0,0.0,0.0,0.0,0.0,0.0,0.001,0.0,0.001,0.0,0.0,0.0,0.0,0.0,0.0,0.0,0.0
13,/media/olly/Red_SSD/Sample_Imgs_For_Natty/images/deer/5CFC8FBD-E02C-43C5-8549-F3F54CC97235.JPG,01/01/2018 00:00:51,00:00:51,Deer,1.0,deer,Deer,1.0,Goat,0.0,Grey Warbler,0.0,"[0.6416, 0.0, 0.9994, 0.6397]",0.642,0.003,0.358,0.563,0.781,0.0,0.0,0.0,0.0,0.0,0.0,0.0,0.0,0.0,0.0,0.0,0.0,0.0,0.0,1.0,0.0,0.0,0.0,0.0,0.0,0.0,0.0,0.0,0.0,0.0,0.0,0.0,0.0,0.0,0.0,0.0,0.0,0.0,0.0,0.0,0.0,0.0,0.0,0.0,0.0,0.0,0.0,0.0,0.0,0.0,0.0,0.0,0.0,0.0,0.0,0.0,0.0,0.0,0.0,0.0,0.0,0.0,0.0,0.0,0.0,0.0,0.0,0.0,0.0,0.0,0.0,0.0,0.0,0.0,0.0,0.0,0.0,0.0,0.0,0.0,0.0,0.0,0.0,0.0,0.0,0.0
14,/media/olly/Red_SSD/Sample_Imgs_For_Natty/images/deer/89ABD21B-FC37-4DFD-81D4-763554EBD9AB.JPG,27/11/2022 21:00:18,21:00:18,Deer,0.91,deer,Deer,0.91,Goat,0.019,Cow,0.014,"[0.7244, 0.0, 1.0, 0.4926]",0.808,0.001,0.192,0.493,0.762,0.0,0.0,0.0,0.0,0.0,0.0,0.0,0.0,0.0,0.0,0.003,0.0,0.014,0.0,0.91,0.0,0.0,0.0,0.0,0.0,0.0,0.0,0.019,0.0,0.0,0.0,0.0,0.001,0.0,0.0,0.0,0.001,0.0,0.001,0.0,0.0,0.0,0.0,0.0,0.0,0.0,0.0,0.0,0.0,0.0,0.0,0.0,0.006,0.0,0.0,0.0,0.0,0.0,0.0,0.0,0.0,0.0,0.0,0.0,0.011,0.0,0.0,0.0,0.0,0.0,0.0,0.0,0.0,0.006,0.0,0.0,0.0,0.0,0.0,0.0,0.0,0.0,0.0,0.0,0.0,0.0
15,/media/olly/Red_SSD/Sample_Imgs_For_Natty/images/deer/9FB0FF0F-C933-45D6-B5B9-F5D4B526440F.JPG,30/11/2022 10:56:55,10:56:55,Deer,0.998,deer,Deer,0.998,Chamois,0.0,Goat,0.0,"[0.2543, 0.0, 0.621, 0.6557]",0.254,0.001,0.367,0.47,0.563,0.0,0.0,0.0,0.0,0.0,0.0,0.0,0.0,0.0,0.0,0.0,0.0,0.0,0.0,0.998,0.0,0.0,0.0,0.0,0.0,0.0,0.0,0.0,0.0,0.0,0.0,0.0,0.0,0.0,0.0,0.0,0.0,0.0,0.0,0.0,0.0,0.0,0.0,0.0,0.0,0.0,0.0,0.0,0.0,0.0,0.0,0.0,0.0,0.0,0.0,0.0,0.0,0.0,0.0,0.0,0.0,0.0,0.0,0.0,0.0,0.0,0.0,0.0,0.0,0.0,0.0,0.0,0.0,0.0,0.0,0.0,0.0,0.0,0.0,0.0,0.0,0.0,0.0,0.0,0.0,0.0
16,/media/olly/Red_SSD/Sample_Imgs_For_Natty/images/deer/406A6111-0D69-4EAA-A28B-26B786E2943B.JPG,30/11/2022 10:57:30,10:57:30,Deer,1.0,deer,Deer,1.0,Goat,0.0,Grey Warbler,0.0,"[0.3047, 0.0, 0.6063, 0.5391]",0.336,0.001,0.24,0.539,0.912,0.0,0.0,0.0,0.0,0.0,0.0,0.0,0.0,0.0,0.0,0.0,0.0,0.0,0.0,1.0,0.0,0.0,0.0,0.0,0.0,0.0,0.0,0.0,0.0,0.0,0.0,0.0,0.0,0.0,0.0,0.0,0.0,0.0,0.0,0.0,0.0,0.0,0.0,0.0,0.0,0.0,0.0,0.0,0.0,0.0,0.0,0.0,0.0,0.0,0.0,0.0,0.0,0.0,0.0,0.0,0.0,0.0,0.0,0.0,0.0,0.0,0.0,0.0,0.0,0.0,0.0,0.0,0.0,0.0,0.0,0.0,0.0,0.0,0.0,0.0,0.0,0.0,0.0,0.0,0.0,0.0
17,/media/olly/Red_SSD/Sample_Imgs_For_Natty/images/deer/4DD91BF3-A827-45ED-BB1A-C07C5493FD7D.JPG,30/11/2022 10:57:32,10:57:30,Deer,1.0,deer,Deer,0.98,Chamois,0.003,Human,0.003,"[0.2935, 0.0, 0.5371, 0.4354]",0.294,0.0,0.244,0.421,0.588,0.0,0.0,0.0,0.0,0.0,0.0,0.001,0.0,0.0,0.0,0.003,0.0,0.0,0.0,0.98,0.0,0.0,0.0,0.0,0.0,0.0,0.0,0.0,0.0,0.0,0.0,0.0,0.0,0.003,0.0,0.0,0.0,0.0,0.0,0.0,0.0,0.0,0.0,0.0,0.0,0.0,0.0,0.0,0.0,0.0,0.0,0.0,0.001,0.0,0.0,0.0,0.0,0.0,0.0,0.0,0.0,0.0,0.0,0.0,0.0,0.0,0.0,0.0,0.0,0.0,0.0,0.0,0.0,0.0,0.0,0.0,0.0,0.0,0.0,0.0,0.0,0.002,0.0,0.0,0.0,0.0
18,/media/olly/Red_SSD/Sample_Imgs_For_Natty/images/fantail/1213ed5f-7682-49ec-95dc-3f055bf661d1.JPG,23/07/2020 14:55:34,14:55:34,Fantail,1.0,fantail,Fantail,1.0,Goat,0.0,Grey Warbler,0.0,"[0.3968, 0.3965, 0.5084, 0.5949]",0.426,0.451,0.054,0.091,0.699,0.0,0.0,0.0,0.0,0.0,0.0,0.0,0.0,0.0,0.0,0.0,0.0,0.0,0.0,0.0,0.0,0.0,1.0,0.0,0.0,0.0,0.0,0.0,0.0,0.0,0.0,0.0,0.0,0.0,0.0,0.0,0.0,0.0,0.0,0.0,0.0,0.0,0.0,0.0,0.0,0.0,0.0,0.0,0.0,0.0,0.0,0.0,0.0,0.0,0.0,0.0,0.0,0.0,0.0,0.0,0.0,0.0,0.0,0.0,0.0,0.0,0.0,0.0,0.0,0.0,0.0,0.0,0.0,0.0,0.0,0.0,0.0,0.0,0.0,0.0,0.0,0.0,0.0,0.0,0.0,0.0
19,/media/olly/Red_SSD/Sample_Imgs_For_Natty/images/fantail/602f86e3-2ec1-48c0-bd89-ac1a89ab41e2.JPG,23/07/2020 14:55:34,14:55:34,Fantail,1.0,fantail,unknown,0.226,unknown,0.189,unknown,0.189,"[0.4908, 0.655, 0.6849, 1.0]",0.491,0.776,0.194,0.116,0.703,0.0,0.008,0.101,0.0,0.0,0.001,0.189,0.001,0.0,0.072,0.022,0.014,0.005,0.0,0.041,0.069,0.189,0.226,0.003,0.011,0.044,0.0,0.033,0.0,0.028,0.01,0.01,0.0,0.07,0.022,0.003,0.029,0.016,0.032,0.0,0.006,0.003,0.001,0.002,0.057,0.002,0.174,0.0,0.01,0.028,0.001,0.058,0.019,0.017,0.013,0.002,0.059,0.016,0.081,0.003,0.067,0.031,0.002,0.006,0.011,0.0,0.123,0.007,0.0,0.01,0.0,0.148,0.0,0.001,0.0,0.152,0.004,0.053,0.049,0.014,0.031,0.032,0.0,0.0,0.005,0.028
20,/media/olly/Red_SSD/Sample_Imgs_For_Natty/images/fantail/da610eeb-e50f-4f54-b333-f33343364599.JPG,23/07/2020 14:55:34,14:55:34,Fantail,1.0,fantail,Fantail,1.0,Goat,0.0,Grey Warbler,0.0,"[0.4062, 0.3846, 0.5179, 0.583]",0.446,0.437,0.032,0.094,0.562,0.0,0.0,0.0,0.0,0.0,0.0,0.0,0.0,0.0,0.0,0.0,0.0,0.0,0.0,0.0,0.0,0.0,1.0,0.0,0.0,0.0,0.0,0.0,0.0,0.0,0.0,0.0,0.0,0.0,0.0,0.0,0.0,0.0,0.0,0.0,0.0,0.0,0.0,0.0,0.0,0.0,0.0,0.0,0.0,0.0,0.0,0.0,0.0,0.0,0.0,0.0,0.0,0.0,0.0,0.0,0.0,0.0,0.0,0.0,0.0,0.0,0.0,0.0,0.0,0.0,0.0,0.0,0.0,0.0,0.0,0.0,0.0,0.0,0.0,0.0,0.0,0.0,0.0,0.0,0.0,0.0
21,/media/olly/Red_SSD/Sample_Imgs_For_Natty/images/fantail/ba417064-74ef-446d-a0e0-9276edbe98f0.JPG,25/07/2020 12:53:36,12:53:36,Fantail,1.0,fantail,Fantail,1.0,Goat,0.0,Grey Warbler,0.0,"[0.2548, 0.6521, 0.3664, 0.8505]",0.274,0.699,0.073,0.105,0.342,0.0,0.0,0.0,0.0,0.0,0.0,0.0,0.0,0.0,0.0,0.0,0.0,0.0,0.0,0.0,0.0,0.0,1.0,0.0,0.0,0.0,0.0,0.0,0.0,0.0,0.0,0.0,0.0,0.0,0.0,0.0,0.0,0.0,0.0,0.0,0.0,0.0,0.0,0.0,0.0,0.0,0.0,0.0,0.0,0.0,0.0,0.0,0.0,0.0,0.0,0.0,0.0,0.0,0.0,0.0,0.0,0.0,0.0,0.0,0.0,0.0,0.0,0.0,0.0,0.0,0.0,0.0,0.0,0.0,0.0,0.0,0.0,0.0,0.0,0.0,0.0,0.0,0.0,0.0,0.0,0.0
22,/media/olly/Red_SSD/Sample_Imgs_For_Natty/images/fantail/dd8cac18-aeb4-4915-8a81-b9a078f1458a.JPG,25/07/2020 12:53:37,12:53:36,Fantail,1.0,fantail,Fantail,1.0,Goat,0.0,Grey Warbler,0.0,"[0.2513, 0.6429, 0.3629, 0.8413]",0.284,0.684,0.046,0.116,0.744,0.0,0.0,0.0,0.0,0.0,0.0,0.0,0.0,0.0,0.0,0.0,0.0,0.0,0.0,0.0,0.0,0.0,1.0,0.0,0.0,0.0,0.0,0.0,0.0,0.0,0.0,0.0,0.0,0.0,0.0,0.0,0.0,0.0,0.0,0.0,0.0,0.0,0.0,0.0,0.0,0.0,0.0,0.0,0.0,0.0,0.0,0.0,0.0,0.0,0.0,0.0,0.0,0.0,0.0,0.0,0.0,0.0,0.0,0.0,0.0,0.0,0.0,0.0,0.0,0.0,0.0,0.0,0.0,0.0,0.0,0.0,0.0,0.0,0.0,0.0,0.0,0.0,0.0,0.0,0.0,0.0
23,/media/olly/Red_SSD/Sample_Imgs_For_Natty/images/fantail/e113c19b-3fed-4145-8f69-1a7ff40832cd.JPG,25/07/2020 12:53:37,12:53:36,Fantail,1.0,fantail,Fantail,1.0,Goat,0.0,Grey Warbler,0.0,"[0.2511, 0.6389, 0.3627, 0.8373]",0.28,0.678,0.054,0.121,0.593,0.0,0.0,0.0,0.0,0.0,0.0,0.0,0.0,0.0,0.0,0.0,0.0,0.0,0.0,0.0,0.0,0.0,1.0,0.0,0.0,0.0,0.0,0.0,0.0,0.0,0.0,0.0,0.0,0.0,0.0,0.0,0.0,0.0,0.0,0.0,0.0,0.0,0.0,0.0,0.0,0.0,0.0,0.0,0.0,0.0,0.0,0.0,0.0,0.0,0.0,0.0,0.0,0.0,0.0,0.0,0.0,0.0,0.0,0.0,0.0,0.0,0.0,0.0,0.0,0.0,0.0,0.0,0.0,0.0,0.0,0.0,0.0,0.0,0.0,0.0,0.0,0.0,0.0,0.0,0.0,0.0
24,/media/olly/Red_SSD/Sample_Imgs_For_Natty/images/fantail/c7379d6f-d33b-41f9-91db-3966cafddf5c.JPG,03/09/2020 13:21:10,13:21:10,Fantail,1.0,fantail,Fantail,1.0,Goat,0.0,Grey Warbler,0.0,"[0.266, 0.5681, 0.4071, 0.819]",0.266,0.602,0.141,0.184,0.884,0.0,0.0,0.0,0.0,0.0,0.0,0.0,0.0,0.0,0.0,0.0,0.0,0.0,0.0,0.0,0.0,0.0,1.0,0.0,0.0,0.0,0.0,0.0,0.0,0.0,0.0,0.0,0.0,0.0,0.0,0.0,0.0,0.0,0.0,0.0,0.0,0.0,0.0,0.0,0.0,0.0,0.0,0.0,0.0,0.0,0.0,0.0,0.0,0.0,0.0,0.0,0.0,0.0,0.0,0.0,0.0,0.0,0.0,0.0,0.0,0.0,0.0,0.0,0.0,0.0,0.0,0.0,0.0,0.0,0.0,0.0,0.0,0.0,0.0,0.0,0.0,0.0,0.0,0.0,0.0,0.0
25,/media/olly/Red_SSD/Sample_Imgs_For_Natty/images/fantail/60a6ee32-ba47-40b2-b3b8-a6db26ce03ab.JPG,03/09/2020 13:21:11,13:21:10,Fantail,1.0,fantail,Fantail,1.0,Robin,0.0,Blackbird,0.0,"[0.1815, 0.5623, 0.302, 0.7765]",0.208,0.562,0.068,0.214,0.805,0.0,0.0,0.0,0.0,0.0,0.0,0.0,0.0,0.0,0.0,0.0,0.0,0.0,0.0,0.0,0.0,0.0,1.0,0.0,0.0,0.0,0.0,0.0,0.0,0.0,0.0,0.0,0.0,0.0,0.0,0.0,0.0,0.0,0.0,0.0,0.0,0.0,0.0,0.0,0.0,0.0,0.0,0.0,0.0,0.0,0.0,0.0,0.0,0.0,0.0,0.0,0.0,0.0,0.0,0.0,0.0,0.0,0.0,0.0,0.0,0.0,0.0,0.0,0.0,0.0,0.0,0.0,0.0,0.0,0.0,0.0,0.0,0.0,0.0,0.0,0.0,0.0,0.0,0.0,0.0,0.0
26,/media/olly/Red_SSD/Sample_Imgs_For_Natty/images/fantail/a3687e6b-084c-433d-9d33-54bdfeb81293.JPG,03/09/2020 13:21:11,13:21:10,Fantail,1.0,fantail,Fantail,0.955,Bellbird,0.02,Finch,0.009,"[0.2511, 0.5837, 0.3902, 0.831]",0.251,0.644,0.139,0.128,0.895,0.0,0.0,0.02,0.0,0.0,0.0,0.006,0.0,0.0,0.0,0.0,0.0,0.0,0.0,0.0,0.0,0.0,0.955,0.0,0.0,0.009,0.0,0.0,0.0,0.0,0.0,0.0,0.0,0.0,0.0,0.0,0.0,0.001,0.0,0.0,0.0,0.0,0.0,0.0,0.0,0.0,0.0,0.0,0.0,0.0,0.0,0.0,0.0,0.0,0.0,0.0,0.0,0.0,0.0,0.0,0.004,0.004,0.0,0.0,0.0,0.0,0.001,0.0,0.0,0.0,0.0,0.0,0.0,0.0,0.0,0.003,0.0,0.003,0.0,0.0,0.0,0.0,0.0,0.0,0.0,0.0
27,/media/olly/Red_SSD/Sample_Imgs_For_Natty/images/human/8D8885F0-6EAB-4E2D-8974-263EAB1E4043.JPG,09/11/2022 09:31:25,09:31:25,Human,0.999,human,Human,0.999,Mouse,0.0,Banded Dotterel,0.0,"[0.0, 0.0, 0.5405, 0.9662]",0.0,0.001,0.225,0.966,0.969,0.0,0.0,0.0,0.0,0.0,0.0,0.0,0.0,0.0,0.0,0.0,0.0,0.0,0.0,0.0,0.0,0.0,0.0,0.0,0.0,0.0,0.0,0.0,0.0,0.0,0.0,0.0,0.0,0.999,0.0,0.0,0.0,0.0,0.0,0.0,0.0,0.0,0.0,0.0,0.0,0.0,0.0,0.0,0.0,0.0,0.0,0.0,0.0,0.0,0.0,0.0,0.0,0.0,0.0,0.0,0.0,0.0,0.0,0.0,0.0,0.0,0.0,0.0,0.0,0.0,0.0,0.0,0.0,0.0,0.0,0.0,0.0,0.0,0.0,0.0,0.0,0.0,0.0,0.0,0.0,0.0
28,/media/olly/Red_SSD/Sample_Imgs_For_Natty/images/human/6B1130A9-38C0-42C3-8C66-52C4E90F9A74.JPG,09/11/2022 09:31:27,09:31:25,Human,0.999,human,Human,0.998,Mouse,0.0,Kea,0.0,"[0.0, 0.0, 0.5415, 0.9677]",0.0,0.0,0.191,0.968,0.958,0.0,0.0,0.0,0.0,0.0,0.0,0.0,0.0,0.0,0.0,0.0,0.0,0.0,0.0,0.0,0.0,0.0,0.0,0.0,0.0,0.0,0.0,0.0,0.0,0.0,0.0,0.0,0.0,0.998,0.0,0.0,0.0,0.0,0.0,0.0,0.0,0.0,0.0,0.0,0.0,0.0,0.0,0.0,0.0,0.0,0.0,0.0,0.0,0.0,0.0,0.0,0.0,0.0,0.0,0.0,0.0,0.0,0.0,0.0,0.0,0.0,0.0,0.0,0.0,0.0,0.0,0.0,0.0,0.0,0.0,0.0,0.0,0.0,0.0,0.0,0.0,0.0,0.0,0.0,0.0,0.0
29,/media/olly/Red_SSD/Sample_Imgs_For_Natty/images/human/93D86EF1-BC6C-45D4-AF12-8FEFC7C19FEF.JPG,09/11/2022 09:34:51,09:34:51,Human,0.992,human,Human,0.992,Mouse,0.0,Dog,0.0,"[0.0, 0.0, 0.5338, 0.9539]",0.0,0.0,0.103,0.954,0.868,0.0,0.0,0.0,0.0,0.0,0.0,0.0,0.0,0.0,0.0,0.0,0.0,0.0,0.0,0.0,0.0,0.0,0.0,0.0,0.0,0.0,0.0,0.0,0.0,0.0,0.0,0.0,0.0,0.992,0.0,0.0,0.0,0.0,0.0,0.0,0.0,0.0,0.0,0.0,0.0,0.0,0.0,0.0,0.0,0.0,0.0,0.0,0.0,0.0,0.0,0.0,0.0,0.0,0.0,0.0,0.0,0.0,0.0,0.0,0.0,0.0,0.0,0.0,0.0,0.0,0.0,0.0,0.0,0.0,0.0,0.0,0.0,0.0,0.0,0.0,0.0,0.0,0.0,0.0,0.0,0.0
30,/media/olly/Red_SSD/Sample_Imgs_For_Natty/images/human/BE49412F-4221-4FCE-8893-A53E37202716.JPG,10/11/2022 13:59:40,13:59:40,Human,0.998,human,Human,0.998,Dog,0.0,Goat,0.0,"[0.0, 0.0, 0.546, 0.9646]",0.0,0.001,0.248,0.965,0.932,0.0,0.0,0.0,0.0,0.0,0.0,0.0,0.0,0.0,0.0,0.0,0.0,0.0,0.0,0.0,0.0,0.0,0.0,0.0,0.0,0.0,0.0,0.0,0.0,0.0,0.0,0.0,0.0,0.998,0.0,0.0,0.0,0.0,0.0,0.0,0.0,0.0,0.0,0.0,0.0,0.0,0.0,0.0,0.0,0.0,0.0,0.0,0.0,0.0,0.0,0.0,0.0,0.0,0.0,0.0,0.0,0.0,0.0,0.0,0.0,0.0,0.0,0.0,0.0,0.0,0.0,0.0,0.0,0.0,0.0,0.0,0.0,0.0,0.0,0.0,0.0,0.0,0.0,0.0,0.0,0.0
31,/media/olly/Red_SSD/Sample_Imgs_For_Natty/images/human/6AEDFEC7-B5F0-4906-874C-69FC01CDB2B0.JPG,10/11/2022 14:04:27,14:04:27,Human,1.0,human,Human,1.0,Fiordland Crested Penguin,0.0,Goat,0.0,"[0.0, 0.1912, 0.4132, 0.922]",0.0,0.191,0.224,0.731,0.957,0.0,0.0,0.0,0.0,0.0,0.0,0.0,0.0,0.0,0.0,0.0,0.0,0.0,0.0,0.0,0.0,0.0,0.0,0.0,0.0,0.0,0.0,0.0,0.0,0.0,0.0,0.0,0.0,1.0,0.0,0.0,0.0,0.0,0.0,0.0,0.0,0.0,0.0,0.0,0.0,0.0,0.0,0.0,0.0,0.0,0.0,0.0,0.0,0.0,0.0,0.0,0.0,0.0,0.0,0.0,0.0,0.0,0.0,0.0,0.0,0.0,0.0,0.0,0.0,0.0,0.0,0.0,0.0,0.0,0.0,0.0,0.0,0.0,0.0,0.0,0.0,0.0,0.0,0.0,0.0,0.0
32,/media/olly/Red_SSD/Sample_Imgs_For_Natty/images/human/A7866631-B823-486C-B72D-BE94B25252B1.JPG,10/11/2022 14:04:58,14:04:58,Human,1.0,human,Human,1.0,Fiordland Crested Penguin,0.0,Goat,0.0,"[0.0, 0.1765, 0.419, 0.9173]",0.0,0.178,0.219,0.741,0.963,0.0,0.0,0.0,0.0,0.0,0.0,0.0,0.0,0.0,0.0,0.0,0.0,0.0,0.0,0.0,0.0,0.0,0.0,0.0,0.0,0.0,0.0,0.0,0.0,0.0,0.0,0.0,0.0,1.0,0.0,0.0,0.0,0.0,0.0,0.0,0.0,0.0,0.0,0.0,0.0,0.0,0.0,0.0,0.0,0.0,0.0,0.0,0.0,0.0,0.0,0.0,0.0,0.0,0.0,0.0,0.0,0.0,0.0,0.0,0.0,0.0,0.0,0.0,0.0,0.0,0.0,0.0,0.0,0.0,0.0,0.0,0.0,0.0,0.0,0.0,0.0,0.0,0.0,0.0,0.0,0.0
33,/media/olly/Red_SSD/Sample_Imgs_For_Natty/images/human/4595DD07-2637-41F2-AC2B-C36C314BBBAD.JPG,26/11/2022 10:03:54,10:03:54,Human,1.0,human,Human,1.0,Fiordland Crested Penguin,0.0,Goat,0.0,"[0.5283, 0.0, 1.0, 0.8427]",0.753,0.001,0.247,0.843,0.967,0.0,0.0,0.0,0.0,0.0,0.0,0.0,0.0,0.0,0.0,0.0,0.0,0.0,0.0,0.0,0.0,0.0,0.0,0.0,0.0,0.0,0.0,0.0,0.0,0.0,0.0,0.0,0.0,1.0,0.0,0.0,0.0,0.0,0.0,0.0,0.0,0.0,0.0,0.0,0.0,0.0,0.0,0.0,0.0,0.0,0.0,0.0,0.0,0.0,0.0,0.0,0.0,0.0,0.0,0.0,0.0,0.0,0.0,0.0,0.0,0.0,0.0,0.0,0.0,0.0,0.0,0.0,0.0,0.0,0.0,0.0,0.0,0.0,0.0,0.0,0.0,0.0,0.0,0.0,0.0,0.0
34,/media/olly/Red_SSD/Sample_Imgs_For_Natty/images/human/58F72D6E-A0F3-42A2-A7E8-DF1660FF38A5.JPG,18/01/2023 12:22:05,12:22:05,Human,1.0,human,Human,1.0,Fiordland Crested Penguin,0.0,Goat,0.0,"[0.3794, 0.0, 0.6324, 0.4521]",0.396,0.001,0.22,0.452,0.94,0.0,0.0,0.0,0.0,0.0,0.0,0.0,0.0,0.0,0.0,0.0,0.0,0.0,0.0,0.0,0.0,0.0,0.0,0.0,0.0,0.0,0.0,0.0,0.0,0.0,0.0,0.0,0.0,1.0,0.0,0.0,0.0,0.0,0.0,0.0,0.0,0.0,0.0,0.0,0.0,0.0,0.0,0.0,0.0,0.0,0.0,0.0,0.0,0.0,0.0,0.0,0.0,0.0,0.0,0.0,0.0,0.0,0.0,0.0,0.0,0.0,0.0,0.0,0.0,0.0,0.0,0.0,0.0,0.0,0.0,0.0,0.0,0.0,0.0,0.0,0.0,0.0,0.0,0.0,0.0,0.0
35,/media/olly/Red_SSD/Sample_Imgs_For_Natty/images/kea/30EF5388-0E73-4879-BC16-8D41D7D745BA.JPG,04/12/2022 09:11:22,09:11:22,Kea,0.997,kea,Kea,0.994,Weka,0.006,Blackbird,0.001,"[0.6385, 0.5305, 0.8825, 0.9666]",0.645,0.531,0.232,0.436,0.968,0.0,0.0,0.0,0.0,0.0,0.0,0.001,0.0,0.0,0.001,0.0,0.0,0.0,0.0,0.001,0.0,0.0,0.0,0.0,0.0,0.0,0.0,0.0,0.0,0.0,0.0,0.0,0.0,0.0,0.0,0.0,0.994,0.0,0.0,0.0,0.0,0.0,0.0,0.0,0.001,0.0,0.0,0.0,0.0,0.0,0.0,0.0,0.0,0.0,0.0,0.0,0.0,0.0,0.0,0.0,0.0,0.0,0.0,0.0,0.0,0.0,0.0,0.0,0.0,0.0,0.0,0.0,0.0,0.0,0.0,0.0,0.0,0.0,0.0,0.0,0.0,0.006,0.0,0.0,0.0,0.0
36,/media/olly/Red_SSD/Sample_Imgs_For_Natty/images/kea/A32B4AC1-B289-4A8E-82A9-B0CEB7239CAA.JPG,04/12/2022 09:11:25,09:11:22,Kea,0.997,kea,Kea,0.997,Mouse,0.002,Blackbird,0.002,"[0.5785, 0.2481, 0.9993, 1.0]",0.579,0.78,0.421,0.188,0.936,0.0,0.0,0.0,0.0,0.0,0.0,0.002,0.0,0.0,0.0,0.0,0.0,0.0,0.0,0.0,0.0,0.0,0.0,0.0,0.0,0.0,0.0,0.0,0.0,0.0,0.0,0.0,0.0,0.0,0.0,0.0,0.997,0.0,0.0,0.0,0.0,0.0,0.0,0.0,0.002,0.0,0.0,0.0,0.0,0.0,0.0,0.0,0.0,0.0,0.0,0.0,0.0,0.0,0.0,0.0,0.0,0.0,0.0,0.0,0.0,0.0,0.0,0.0,0.0,0.0,0.0,0.0,0.0,0.0,0.0,0.0,0.0,0.0,0.0,0.0,0.0,0.0,0.0,0.0,0.0,0.0
37,/media/olly/Red_SSD/Sample_Imgs_For_Natty/images/kea/7F6B4346-87EA-416D-BB53-B98365A59C27.JPG,04/12/2022 09:13:47,09:13:47,Kea,0.996,kea,Kea,0.652,Blackbird,0.333,Weka,0.031,"[0.3028, 0.0909, 0.8117, 1.0]",0.303,0.464,0.509,0.503,0.932,0.0,0.0,0.0,0.0,0.0,0.0,0.333,0.0,0.0,0.002,0.0,0.0,0.0,0.0,0.0,0.0,0.0,0.0,0.0,0.0,0.0,0.0,0.0,0.0,0.0,0.0,0.0,0.0,0.002,0.011,0.0,0.652,0.0,0.0,0.0,0.0,0.0,0.0,0.0,0.003,0.0,0.0,0.0,0.0,0.0,0.0,0.0,0.0,0.0,0.0,0.0,0.0,0.0,0.0,0.0,0.0,0.004,0.0,0.0,0.0,0.0,0.0,0.0,0.0,0.0,0.0,0.0,0.0,0.0,0.0,0.005,0.0,0.0,0.0,0.0,0.0,0.031,0.0,0.0,0.0,0.0
38,/media/olly/Red_SSD/Sample_Imgs_For_Natty/images/kea/741B77AD-0C40-4A35-98B2-8007593C16B1.JPG,04/12/2022 09:13:49,09:13:47,Kea,0.996,kea,Kea,0.979,Mouse,0.029,Stoat,0.003,"[0.0648, 0.5382, 0.3047, 0.9671]",0.078,0.538,0.214,0.429,0.96,0.0,0.0,0.0,0.0,0.0,0.0,0.001,0.0,0.0,0.0,0.0,0.0,0.0,0.0,0.0,0.0,0.0,0.0,0.0,0.0,0.0,0.0,0.0,0.0,0.0,0.0,0.0,0.0,0.0,0.0,0.0,0.979,0.0,0.0,0.0,0.0,0.0,0.0,0.0,0.029,0.0,0.0,0.0,0.0,0.0,0.0,0.0,0.0,0.0,0.0,0.0,0.0,0.0,0.0,0.0,0.0,0.0,0.0,0.0,0.0,0.0,0.0,0.0,0.0,0.0,0.0,0.003,0.0,0.0,0.0,0.0,0.0,0.0,0.0,0.0,0.0,0.0,0.0,0.0,0.0,0.0
39,/media/olly/Red_SSD/Sample_Imgs_For_Natty/images/kea/F324A1F9-6E9E-44A0-ACAC-1AD2F7537308.JPG,04/12/2022 09:13:51,09:13:47,Kea,0.996,kea,Kea,0.996,Mouse,0.006,Weka,0.0,"[0.0, 0.2754, 0.4054, 1.0]",0.0,0.526,0.406,0.441,0.96,0.0,0.0,0.0,0.0,0.0,0.0,0.0,0.0,0.0,0.0,0.0,0.0,0.0,0.0,0.0,0.0,0.0,0.0,0.0,0.0,0.0,0.0,0.0,0.0,0.0,0.0,0.0,0.0,0.0,0.0,0.0,0.996,0.0,0.0,0.0,0.0,0.0,0.0,0.0,0.006,0.0,0.0,0.0,0.0,0.0,0.0,0.0,0.0,0.0,0.0,0.0,0.0,0.0,0.0,0.0,0.0,0.0,0.0,0.0,0.0,0.0,0.0,0.0,0.0,0.0,0.0,0.0,0.0,0.0,0.0,0.0,0.0,0.0,0.0,0.0,0.0,0.0,0.0,0.0,0.0,0.0
40,/media/olly/Red_SSD/Sample_Imgs_For_Natty/images/kea/D9DCCCAD-7B42-4822-93A5-EB426B0FE2B4.JPG,23/12/2022 07:36:19,07:36:19,Kea,1.0,kea,Kea,1.0,Blackbird,0.0,Mouse,0.0,"[0.0263, 0.2762, 0.4315, 1.0]",0.026,0.341,0.405,0.628,0.952,0.0,0.0,0.0,0.0,0.0,0.0,0.0,0.0,0.0,0.0,0.0,0.0,0.0,0.0,0.0,0.0,0.0,0.0,0.0,0.0,0.0,0.0,0.0,0.0,0.0,0.0,0.0,0.0,0.0,0.0,0.0,1.0,0.0,0.0,0.0,0.0,0.0,0.0,0.0,0.0,0.0,0.0,0.0,0.0,0.0,0.0,0.0,0.0,0.0,0.0,0.0,0.0,0.0,0.0,0.0,0.0,0.0,0.0,0.0,0.0,0.0,0.0,0.0,0.0,0.0,0.0,0.0,0.0,0.0,0.0,0.0,0.0,0.0,0.0,0.0,0.0,0.0,0.0,0.0,0.0,0.0
41,/media/olly/Red_SSD/Sample_Imgs_For_Natty/images/kea/A2A6D99D-1E19-4955-90E9-4E2A8B12571D.JPG,28/12/2022 07:17:21,07:17:21,Kea,1.0,kea,Kea,1.0,Mouse,0.0,Weka,0.0,"[0.6815, 0.1964, 1.0, 0.7657]",0.78,0.197,0.219,0.569,0.937,0.0,0.0,0.0,0.0,0.0,0.0,0.0,0.0,0.0,0.0,0.0,0.0,0.0,0.0,0.0,0.0,0.0,0.0,0.0,0.0,0.0,0.0,0.0,0.0,0.0,0.0,0.0,0.0,0.0,0.0,0.0,1.0,0.0,0.0,0.0,0.0,0.0,0.0,0.0,0.0,0.0,0.0,0.0,0.0,0.0,0.0,0.0,0.0,0.0,0.0,0.0,0.0,0.0,0.0,0.0,0.0,0.0,0.0,0.0,0.0,0.0,0.0,0.0,0.0,0.0,0.0,0.0,0.0,0.0,0.0,0.0,0.0,0.0,0.0,0.0,0.0,0.0,0.0,0.0,0.0,0.0
42,/media/olly/Red_SSD/Sample_Imgs_For_Natty/images/kea/29B2BA1C-AB97-4649-BDCB-6C017C5CEB51.JPG,28/12/2022 07:17:23,07:17:21,Kea,1.0,kea,Kea,0.996,Mouse,0.001,Blackbird,0.001,"[0.3997, 0.1525, 0.8736, 1.0]",0.4,0.338,0.474,0.53,0.95,0.0,0.0,0.0,0.0,0.0,0.0,0.001,0.0,0.0,0.0,0.0,0.0,0.0,0.0,0.0,0.0,0.0,0.0,0.0,0.0,0.0,0.0,0.0,0.0,0.0,0.0,0.0,0.0,0.0,0.0,0.0,0.996,0.0,0.0,0.0,0.0,0.0,0.0,0.0,0.001,0.0,0.0,0.0,0.0,0.0,0.0,0.0,0.0,0.0,0.0,0.0,0.0,0.0,0.0,0.0,0.0,0.0,0.0,0.0,0.0,0.0,0.0,0.0,0.0,0.0,0.0,0.0,0.0,0.0,0.0,0.0,0.0,0.0,0.0,0.0,0.0,0.0,0.0,0.0,0.0,0.0
43,/media/olly/Red_SSD/Sample_Imgs_For_Natty/images/kea/AB81A0B1-192C-4165-9E46-8E121471B992.JPG,28/12/2022 07:17:25,07:17:21,Kea,1.0,kea,Kea,1.0,Fiordland Crested Penguin,0.0,Goat,0.0,"[0.3419, 0.0461, 0.6856, 0.6602]",0.356,0.046,0.315,0.614,0.795,0.0,0.0,0.0,0.0,0.0,0.0,0.0,0.0,0.0,0.0,0.0,0.0,0.0,0.0,0.0,0.0,0.0,0.0,0.0,0.0,0.0,0.0,0.0,0.0,0.0,0.0,0.0,0.0,0.0,0.0,0.0,1.0,0.0,0.0,0.0,0.0,0.0,0.0,0.0,0.0,0.0,0.0,0.0,0.0,0.0,0.0,0.0,0.0,0.0,0.0,0.0,0.0,0.0,0.0,0.0,0.0,0.0,0.0,0.0,0.0,0.0,0.0,0.0,0.0,0.0,0.0,0.0,0.0,0.0,0.0,0.0,0.0,0.0,0.0,0.0,0.0,0.0,0.0,0.0,0.0,0.0
44,/media/olly/Red_SSD/Sample_Imgs_For_Natty/images/kea/00A841F1-DAD3-4F09-BD30-133951361676.JPG,02/01/2023 08:46:09,08:46:09,Kea,0.993,kea,Kea,0.993,Blackbird,0.002,Kaka,0.001,"[0.6556, 0.2215, 1.0, 0.8369]",0.684,0.222,0.316,0.616,0.917,0.0,0.0,0.0,0.0,0.0,0.0,0.002,0.0,0.0,0.0,0.0,0.0,0.0,0.0,0.0,0.0,0.0,0.0,0.0,0.0,0.0,0.0,0.0,0.0,0.0,0.0,0.0,0.0,0.0,0.001,0.0,0.993,0.0,0.0,0.0,0.0,0.0,0.0,0.0,0.001,0.0,0.0,0.0,0.0,0.0,0.0,0.0,0.0,0.0,0.0,0.0,0.0,0.0,0.0,0.0,0.0,0.0,0.0,0.0,0.0,0.0,0.0,0.0,0.0,0.0,0.0,0.0,0.0,0.0,0.0,0.0,0.0,0.0,0.0,0.0,0.0,0.001,0.0,0.0,0.0,0.0
45,/media/olly/Red_SSD/Sample_Imgs_For_Natty/images/kea/850B3F6B-1862-4834-9D70-815ACE7CC91A.JPG,02/01/2023 09:04:54,09:04:54,Kea,0.893,kea,Kea,0.893,Weka,0.103,Blackbird,0.084,"[0.0751, 0.2683, 0.4846, 1.0]",0.076,0.591,0.41,0.378,0.949,0.0,0.0,0.002,0.0,0.0,0.0,0.084,0.0,0.0,0.006,0.0,0.0,0.0,0.0,0.001,0.0,0.0,0.0,0.0,0.0,0.0,0.0,0.001,0.0,0.0,0.0,0.0,0.0,0.002,0.003,0.001,0.893,0.001,0.0,0.0,0.0,0.0,0.0,0.0,0.003,0.0,0.0,0.0,0.0,0.003,0.0,0.0,0.001,0.0,0.001,0.0,0.002,0.0,0.0,0.0,0.0,0.01,0.0,0.001,0.0,0.0,0.0,0.0,0.0,0.0,0.0,0.0,0.0,0.0,0.0,0.005,0.0,0.0,0.0,0.0,0.0,0.103,0.0,0.0,0.0,0.0
46,/media/olly/Red_SSD/Sample_Imgs_For_Natty/images/kiwi/0A51C166-0BB1-4108-91E4-848D329B5C15.JPG,13/11/2022 06:32:53,06:32:53,Kiwi,0.967,kiwi,Kiwi,0.967,Weka,0.037,Hare,0.003,"[0.0262, 0.0, 0.4294, 0.7203]",0.111,0.001,0.234,0.721,0.953,0.0,0.0,0.0,0.0,0.0,0.0,0.0,0.0,0.0,0.0,0.0,0.0,0.0,0.0,0.0,0.0,0.0,0.0,0.0,0.0,0.0,0.0,0.0,0.0,0.003,0.0,0.0,0.0,0.0,0.0,0.0,0.0,0.0,0.967,0.0,0.0,0.0,0.0,0.0,0.0,0.0,0.0,0.0,0.0,0.0,0.0,0.0,0.0,0.0,0.0,0.0,0.0,0.0,0.0,0.0,0.0,0.0,0.0,0.0,0.0,0.0,0.0,0.0,0.0,0.0,0.0,0.0,0.0,0.0,0.0,0.0,0.0,0.0,0.0,0.0,0.0,0.037,0.0,0.0,0.0,0.0
47,/media/olly/Red_SSD/Sample_Imgs_For_Natty/images/kiwi/2C856151-77A3-497E-AC4C-697F5578A15B.JPG,20/11/2022 06:43:06,06:43:06,Kiwi,1.0,kiwi,Kiwi,1.0,Fiordland Crested Penguin,0.0,Goat,0.0,"[0.1703, 0.1284, 0.4021, 0.5424]",0.192,0.129,0.189,0.414,0.947,0.0,0.0,0.0,0.0,0.0,0.0,0.0,0.0,0.0,0.0,0.0,0.0,0.0,0.0,0.0,0.0,0.0,0.0,0.0,0.0,0.0,0.0,0.0,0.0,0.0,0.0,0.0,0.0,0.0,0.0,0.0,0.0,0.0,1.0,0.0,0.0,0.0,0.0,0.0,0.0,0.0,0.0,0.0,0.0,0.0,0.0,0.0,0.0,0.0,0.0,0.0,0.0,0.0,0.0,0.0,0.0,0.0,0.0,0.0,0.0,0.0,0.0,0.0,0.0,0.0,0.0,0.0,0.0,0.0,0.0,0.0,0.0,0.0,0.0,0.0,0.0,0.0,0.0,0.0,0.0,0.0
48,/media/olly/Red_SSD/Sample_Imgs_For_Natty/images/kiwi/2A34A225-4740-4D5C-A8A0-F92A26098D48.JPG,30/11/2022 05:00:09,05:00:09,Kiwi,0.998,kiwi,Kiwi,0.998,Hedgehog,0.0,Rabbit,0.0,"[0.0, 0.2211, 0.4216, 0.9749]",0.0,0.228,0.422,0.741,0.952,0.0,0.0,0.0,0.0,0.0,0.0,0.0,0.0,0.0,0.0,0.0,0.0,0.0,0.0,0.0,0.0,0.0,0.0,0.0,0.0,0.0,0.0,0.0,0.0,0.0,0.0,0.0,0.0,0.0,0.0,0.0,0.0,0.0,0.998,0.0,0.0,0.0,0.0,0.0,0.0,0.0,0.0,0.0,0.0,0.0,0.0,0.0,0.0,0.0,0.0,0.0,0.0,0.0,0.0,0.0,0.0,0.0,0.0,0.0,0.0,0.0,0.0,0.0,0.0,0.0,0.0,0.0,0.0,0.0,0.0,0.0,0.0,0.0,0.0,0.0,0.0,0.0,0.0,0.0,0.0,0.0
49,/media/olly/Red_SSD/Sample_Imgs_For_Natty/images/kiwi/01C1E554-F294-448F-8A59-2A8C16BE2735.JPG,02/12/2022 05:41:01,05:41:01,Kiwi,0.989,kiwi,Kiwi,0.989,Possum,0.004,Rat,0.0,"[0.3175, 0.0027, 0.7766, 0.8235]",0.398,0.003,0.299,0.82,0.792,0.0,0.0,0.0,0.0,0.0,0.0,0.0,0.0,0.0,0.0,0.0,0.0,0.0,0.0,0.0,0.0,0.0,0.0,0.0,0.0,0.0,0.0,0.0,0.0,0.0,0.0,0.0,0.0,0.0,0.0,0.0,0.0,0.0,0.989,0.0,0.0,0.0,0.0,0.0,0.0,0.0,0.0,0.0,0.0,0.0,0.0,0.0,0.0,0.0,0.004,0.0,0.0,0.0,0.0,0.0,0.0,0.0,0.0,0.0,0.0,0.0,0.0,0.0,0.0,0.0,0.0,0.0,0.0,0.0,0.0,0.0,0.0,0.0,0.0,0.0,0.0,0.0,0.0,0.0,0.0,0.0
50,/media/olly/Red_SSD/Sample_Imgs_For_Natty/images/kiwi/3ACC7ED7-5788-4EF2-B1CF-950D3E4FACDF.JPG,13/12/2022 02:46:30,02:46:30,Kiwi,1.0,kiwi,Kiwi,1.0,Fiordland Crested Penguin,0.0,Goat,0.0,"[0.605, 0.1965, 1.0, 0.9024]",0.755,0.197,0.245,0.706,0.931,0.0,0.0,0.0,0.0,0.0,0.0,0.0,0.0,0.0,0.0,0.0,0.0,0.0,0.0,0.0,0.0,0.0,0.0,0.0,0.0,0.0,0.0,0.0,0.0,0.0,0.0,0.0,0.0,0.0,0.0,0.0,0.0,0.0,1.0,0.0,0.0,0.0,0.0,0.0,0.0,0.0,0.0,0.0,0.0,0.0,0.0,0.0,0.0,0.0,0.0,0.0,0.0,0.0,0.0,0.0,0.0,0.0,0.0,0.0,0.0,0.0,0.0,0.0,0.0,0.0,0.0,0.0,0.0,0.0,0.0,0.0,0.0,0.0,0.0,0.0,0.0,0.0,0.0,0.0,0.0,0.0
51,/media/olly/Red_SSD/Sample_Imgs_For_Natty/images/kiwi/3B8CFF58-28BE-402C-B30D-5BFB9ADF6DDA.JPG,04/01/2023 23:42:49,23:42:49,Kiwi,1.0,kiwi,Kiwi,1.0,Fiordland Crested Penguin,0.0,Goat,0.0,"[0.5781, 0.0, 0.8333, 0.4559]",0.584,0.0,0.244,0.456,0.932,0.0,0.0,0.0,0.0,0.0,0.0,0.0,0.0,0.0,0.0,0.0,0.0,0.0,0.0,0.0,0.0,0.0,0.0,0.0,0.0,0.0,0.0,0.0,0.0,0.0,0.0,0.0,0.0,0.0,0.0,0.0,0.0,0.0,1.0,0.0,0.0,0.0,0.0,0.0,0.0,0.0,0.0,0.0,0.0,0.0,0.0,0.0,0.0,0.0,0.0,0.0,0.0,0.0,0.0,0.0,0.0,0.0,0.0,0.0,0.0,0.0,0.0,0.0,0.0,0.0,0.0,0.0,0.0,0.0,0.0,0.0,0.0,0.0,0.0,0.0,0.0,0.0,0.0,0.0,0.0,0.0
52,/media/olly/Red_SSD/Sample_Imgs_For_Natty/images/kiwi/0DF9F759-1901-4267-9EAB-2FF7CE710FCF.JPG,07/01/2023 23:44:24,23:44:24,Kiwi,0.998,kiwi,Kiwi,0.998,Weka,0.0,Fiordland Crested Penguin,0.0,"[0.4584, 0.0, 0.7504, 0.5217]",0.459,0.001,0.292,0.52,0.925,0.0,0.0,0.0,0.0,0.0,0.0,0.0,0.0,0.0,0.0,0.0,0.0,0.0,0.0,0.0,0.0,0.0,0.0,0.0,0.0,0.0,0.0,0.0,0.0,0.0,0.0,0.0,0.0,0.0,0.0,0.0,0.0,0.0,0.998,0.0,0.0,0.0,0.0,0.0,0.0,0.0,0.0,0.0,0.0,0.0,0.0,0.0,0.0,0.0,0.0,0.0,0.0,0.0,0.0,0.0,0.0,0.0,0.0,0.0,0.0,0.0,0.0,0.0,0.0,0.0,0.0,0.0,0.0,0.0,0.0,0.0,0.0,0.0,0.0,0.0,0.0,0.0,0.0,0.0,0.0,0.0
53,/media/olly/Red_SSD/Sample_Imgs_For_Natty/images/kiwi/2C419AFD-26CF-425C-84EB-70BC5E83AB7B.JPG,17/01/2023 03:57:06,03:57:06,Kiwi,0.999,kiwi,Kiwi,0.999,Hedgehog,0.0,Fiordland Crested Penguin,0.0,"[0.0, 0.5246, 0.2689, 1.0]",0.0,0.589,0.269,0.349,0.908,0.0,0.0,0.0,0.0,0.0,0.0,0.0,0.0,0.0,0.0,0.0,0.0,0.0,0.0,0.0,0.0,0.0,0.0,0.0,0.0,0.0,0.0,0.0,0.0,0.0,0.0,0.0,0.0,0.0,0.0,0.0,0.0,0.0,0.999,0.0,0.0,0.0,0.0,0.0,0.0,0.0,0.0,0.0,0.0,0.0,0.0,0.0,0.0,0.0,0.0,0.0,0.0,0.0,0.0,0.0,0.0,0.0,0.0,0.0,0.0,0.0,0.0,0.0,0.0,0.0,0.0,0.0,0.0,0.0,0.0,0.0,0.0,0.0,0.0,0.0,0.0,0.0,0.0,0.0,0.0,0.0
54,/media/olly/Red_SSD/Sample_Imgs_For_Natty/images/kiwi/2CEAAE3A-794D-4B07-8930-5B402B26D5F6.JPG,25/01/2023 05:24:58,05:24:58,Kiwi,0.937,kiwi,Kiwi,0.937,Weka,0.011,Hedgehog,0.004,"[0.6881, 0.4267, 0.9995, 0.9833]",0.689,0.442,0.311,0.527,0.923,0.0,0.0,0.0,0.0,0.0,0.0,0.0,0.0,0.0,0.001,0.0,0.0,0.0,0.0,0.003,0.0,0.0,0.0,0.0,0.0,0.0,0.0,0.0,0.0,0.002,0.0,0.004,0.0,0.0,0.0,0.0,0.001,0.0,0.937,0.0,0.0,0.0,0.0,0.0,0.001,0.0,0.0,0.0,0.0,0.0,0.0,0.0,0.0,0.0,0.003,0.0,0.0,0.001,0.001,0.0,0.0,0.0,0.0,0.0,0.0,0.0,0.0,0.0,0.0,0.0,0.0,0.001,0.0,0.0,0.0,0.0,0.0,0.0,0.0,0.0,0.0,0.011,0.0,0.0,0.0,0.0
55,/media/olly/Red_SSD/Sample_Imgs_For_Natty/images/kiwi/2CE02C72-CD58-46C1-9B95-704E56BBD551.JPG,05/02/2023 02:41:38,02:41:38,Kiwi,0.998,kiwi,Kiwi,0.998,Weka,0.0,Hedgehog,0.0,"[0.3946, 0.5716, 0.6197, 0.9695]",0.412,0.572,0.191,0.398,0.715,0.0,0.0,0.0,0.0,0.0,0.0,0.0,0.0,0.0,0.0,0.0,0.0,0.0,0.0,0.0,0.0,0.0,0.0,0.0,0.0,0.0,0.0,0.0,0.0,0.0,0.0,0.0,0.0,0.0,0.0,0.0,0.0,0.0,0.998,0.0,0.0,0.0,0.0,0.0,0.0,0.0,0.0,0.0,0.0,0.0,0.0,0.0,0.0,0.0,0.0,0.0,0.0,0.0,0.0,0.0,0.0,0.0,0.0,0.0,0.0,0.0,0.0,0.0,0.0,0.0,0.0,0.0,0.0,0.0,0.0,0.0,0.0,0.0,0.0,0.0,0.0,0.0,0.0,0.0,0.0,0.0
56,/media/olly/Red_SSD/Sample_Imgs_For_Natty/images/kiwi/0DBB77BB-C628-400C-9137-A155D70450F7.JPG,05/02/2023 02:41:40,02:41:38,Kiwi,0.998,kiwi,Kiwi,0.996,Deer,0.0,Weka,0.0,"[0.2558, 0.4413, 0.5716, 1.0]",0.256,0.552,0.316,0.417,0.46,0.0,0.0,0.0,0.0,0.0,0.0,0.0,0.0,0.0,0.0,0.0,0.0,0.0,0.0,0.0,0.0,0.0,0.0,0.0,0.0,0.0,0.0,0.0,0.0,0.0,0.0,0.0,0.0,0.0,0.0,0.0,0.0,0.0,0.996,0.0,0.0,0.0,0.0,0.0,0.0,0.0,0.0,0.0,0.0,0.0,0.0,0.0,0.0,0.0,0.0,0.0,0.0,0.0,0.0,0.0,0.0,0.0,0.0,0.0,0.0,0.0,0.0,0.0,0.0,0.0,0.0,0.0,0.0,0.0,0.0,0.0,0.0,0.0,0.0,0.0,0.0,0.0,0.0,0.0,0.0,0.0
57,/media/olly/Red_SSD/Sample_Imgs_For_Natty/images/mouse/1D44BDDD-8DFD-4786-8289-5D6FA69610F6.JPG,09/01/2020 05:54:08,05:54:08,Rat,0.884,mouse,Rat,0.884,Mouse,0.042,Possum,0.007,"[0.7768, 0.2862, 1.0, 0.6809]",0.934,0.43,0.066,0.108,0.771,0.0,0.0,0.0,0.0,0.0,0.0,0.0,0.0,0.0,0.003,0.0,0.0,0.0,0.0,0.0,0.0,0.0,0.0,0.0,0.0,0.0,0.0,0.0,0.0,0.0,0.0,0.003,0.0,0.0,0.0,0.0,0.0,0.0,0.0,0.0,0.0,0.0,0.0,0.0,0.042,0.0,0.0,0.0,0.0,0.0,0.0,0.0,0.0,0.0,0.007,0.0,0.0,0.0,0.884,0.0,0.0,0.001,0.0,0.0,0.0,0.0,0.0,0.0,0.0,0.0,0.0,0.001,0.0,0.0,0.0,0.0,0.0,0.0,0.0,0.0,0.0,0.0,0.0,0.0,0.0,0.0
58,/media/olly/Red_SSD/Sample_Imgs_For_Natty/images/mouse/C968D047-AE2C-42E2-9F03-F3AA391C897D.JPG,09/01/2020 05:54:10,05:54:08,Rat,0.884,mouse,Rat,0.856,Mouse,0.046,Possum,0.017,"[0.67, 0.2684, 0.8932, 0.6632]",0.736,0.401,0.092,0.13,0.75,0.0,0.0,0.0,0.0,0.0,0.0,0.002,0.0,0.0,0.002,0.0,0.0,0.0,0.0,0.0,0.0,0.0,0.0,0.0,0.002,0.0,0.0,0.0,0.0,0.0,0.0,0.003,0.0,0.0,0.0,0.0,0.0,0.0,0.001,0.0,0.0,0.0,0.0,0.0,0.046,0.0,0.0,0.0,0.0,0.0,0.0,0.0,0.0,0.0,0.017,0.0,0.0,0.0,0.856,0.0,0.0,0.0,0.0,0.0,0.0,0.0,0.0,0.0,0.0,0.0,0.0,0.012,0.0,0.0,0.0,0.001,0.0,0.0,0.0,0.0,0.0,0.0,0.0,0.0,0.0,0.0
59,/media/olly/Red_SSD/Sample_Imgs_For_Natty/images/mouse/A0AB1397-3B74-4DF8-8B29-00FA14DFEB4F.JPG,09/01/2020 05:54:13,05:54:08,Rat,0.884,mouse,unknown,0.428,unknown,0.345,unknown,0.007,"[0.6235, 0.2605, 0.8467, 0.6553]",0.69,0.402,0.091,0.112,0.622,0.0,0.0,0.001,0.0,0.0,0.0,0.005,0.0,0.0,0.003,0.0,0.0,0.0,0.0,0.0,0.0,0.006,0.0,0.0,0.001,0.002,0.0,0.0,0.0,0.001,0.0,0.005,0.0,0.001,0.0,0.0,0.0,0.0,0.004,0.0,0.0,0.0,0.0,0.0,0.345,0.0,0.0,0.0,0.0,0.0,0.0,0.0,0.0,0.0,0.007,0.0,0.002,0.002,0.428,0.0,0.001,0.003,0.0,0.0,0.0,0.0,0.0,0.0,0.0,0.0,0.0,0.005,0.0,0.0,0.0,0.002,0.0,0.002,0.0,0.0,0.001,0.0,0.0,0.0,0.0,0.0
60,/media/olly/Red_SSD/Sample_Imgs_For_Natty/images/mouse/0EF790B8-1547-496A-AE0E-CD459FB42C37.JPG,27/11/2022 22:28:31,22:28:31,Mouse,0.657,mouse,Mouse,0.657,Rat,0.153,Possum,0.011,"[0.3411, 0.1988, 0.5644, 0.5977]",0.414,0.34,0.078,0.117,0.877,0.0,0.0,0.001,0.0,0.0,0.0,0.003,0.0,0.0,0.005,0.0,0.0,0.001,0.0,0.003,0.0,0.001,0.0,0.0,0.0,0.001,0.0,0.0,0.0,0.003,0.0,0.007,0.0,0.002,0.0,0.0,0.001,0.0,0.002,0.0,0.0,0.0,0.0,0.0,0.657,0.0,0.0,0.0,0.0,0.0,0.0,0.0,0.0,0.0,0.011,0.0,0.0,0.005,0.153,0.0,0.002,0.004,0.0,0.0,0.0,0.0,0.0,0.0,0.0,0.0,0.0,0.009,0.0,0.0,0.0,0.001,0.0,0.004,0.0,0.0,0.001,0.0,0.0,0.0,0.0,0.0
61,/media/olly/Red_SSD/Sample_Imgs_For_Natty/images/mouse/D6EC014A-BBF4-4D79-B78C-99A129336F77.JPG,27/11/2022 22:28:33,22:28:31,Mouse,0.657,mouse,unknown,0.477,unknown,0.285,unknown,0.011,"[0.285, 0.4189, 0.5082, 0.8178]",0.359,0.552,0.076,0.132,0.829,0.0,0.0,0.003,0.0,0.0,0.0,0.01,0.0,0.0,0.006,0.0,0.0,0.001,0.0,0.001,0.001,0.01,0.002,0.0,0.001,0.011,0.0,0.0,0.0,0.002,0.0,0.005,0.0,0.009,0.0,0.0,0.0,0.0,0.002,0.0,0.0,0.0,0.0,0.0,0.285,0.0,0.0,0.0,0.0,0.0,0.0,0.0,0.001,0.0,0.009,0.0,0.001,0.004,0.477,0.0,0.004,0.007,0.0,0.0,0.001,0.0,0.001,0.0,0.0,0.0,0.0,0.008,0.0,0.0,0.0,0.004,0.0,0.006,0.0,0.001,0.002,0.0,0.0,0.0,0.0,0.0
62,/media/olly/Red_SSD/Sample_Imgs_For_Natty/images/mouse/59E9948D-82D6-493C-88A9-3C8BD4DE329A.JPG,27/11/2022 22:28:35,22:28:31,Mouse,0.657,mouse,unknown,0.373,unknown,0.363,unknown,0.017,"[0.3307, 0.498, 0.5539, 0.8969]",0.402,0.649,0.081,0.098,0.771,0.0,0.0,0.002,0.0,0.0,0.0,0.011,0.0,0.0,0.005,0.0,0.0,0.001,0.0,0.002,0.0,0.006,0.001,0.0,0.001,0.007,0.0,0.0,0.0,0.001,0.0,0.007,0.0,0.006,0.0,0.0,0.001,0.0,0.003,0.0,0.0,0.0,0.0,0.0,0.373,0.0,0.0,0.0,0.0,0.0,0.0,0.0,0.001,0.0,0.017,0.0,0.001,0.002,0.363,0.0,0.008,0.009,0.0,0.0,0.001,0.0,0.001,0.0,0.0,0.0,0.0,0.005,0.0,0.0,0.0,0.003,0.0,0.014,0.0,0.0,0.001,0.0,0.0,0.0,0.0,0.0
63,/media/olly/Red_SSD/Sample_Imgs_For_Natty/images/mouse/19D1E73F-15DD-43B0-A270-9837DCFB1B21.JPG,27/11/2022 22:44:22,22:44:22,Mouse,0.538,mouse,unknown,0.385,unknown,0.381,unknown,0.013,"[0.7768, 0.3657, 1.0, 0.7646]",0.914,0.523,0.055,0.084,0.82,0.0,0.0,0.001,0.0,0.0,0.0,0.004,0.0,0.0,0.005,0.0,0.0,0.0,0.0,0.001,0.0,0.001,0.001,0.0,0.002,0.004,0.0,0.0,0.0,0.001,0.0,0.004,0.0,0.002,0.0,0.0,0.0,0.0,0.001,0.0,0.0,0.0,0.0,0.0,0.381,0.0,0.0,0.0,0.0,0.0,0.0,0.0,0.0,0.0,0.013,0.0,0.0,0.002,0.385,0.0,0.002,0.003,0.0,0.0,0.0,0.0,0.0,0.0,0.0,0.0,0.0,0.006,0.0,0.0,0.0,0.001,0.0,0.006,0.0,0.001,0.001,0.0,0.0,0.0,0.0,0.0
64,/media/olly/Red_SSD/Sample_Imgs_For_Natty/images/mouse/D50D983E-5B9B-4E97-8791-4428E8844214.JPG,27/11/2022 22:44:24,22:44:22,Mouse,0.538,mouse,Mouse,0.538,Rat,0.225,Possum,0.013,"[0.7768, 0.4348, 1.0, 0.8338]",0.875,0.571,0.046,0.127,0.84,0.0,0.0,0.001,0.0,0.0,0.0,0.002,0.0,0.0,0.005,0.0,0.0,0.001,0.0,0.002,0.0,0.0,0.0,0.0,0.001,0.001,0.0,0.0,0.0,0.0,0.0,0.002,0.0,0.003,0.0,0.0,0.0,0.0,0.001,0.0,0.0,0.0,0.0,0.0,0.538,0.0,0.0,0.0,0.0,0.0,0.0,0.0,0.0,0.0,0.013,0.0,0.0,0.002,0.225,0.0,0.002,0.002,0.0,0.0,0.0,0.0,0.0,0.0,0.0,0.0,0.0,0.002,0.0,0.0,0.0,0.001,0.0,0.007,0.0,0.001,0.0,0.0,0.0,0.0,0.0,0.0
65,/media/olly/Red_SSD/Sample_Imgs_For_Natty/images/mouse/7DF843D3-18C8-4276-A77E-53B3C396F74C.JPG,27/11/2022 22:44:26,22:44:22,Mouse,0.538,mouse,empty,0.0,empty,0.0,empty,0.0,"[0.7675, 0.5851, 0.9996, 1.0]",0.768,0.702,0.232,0.267,0.138,0.0,0.0,0.003,0.0,0.0,0.0,0.021,0.0,0.0,0.007,0.0,0.0,0.001,0.0,0.002,0.0,0.003,0.002,0.0,0.003,0.001,0.0,0.0,0.0,0.004,0.0,0.035,0.0,0.004,0.0,0.002,0.002,0.0,0.008,0.0,0.0,0.0,0.0,0.002,0.443,0.0,0.0,0.001,0.0,0.0,0.002,0.0,0.001,0.0,0.017,0.0,0.002,0.005,0.304,0.0,0.003,0.009,0.0,0.0,0.002,0.0,0.001,0.0,0.0,0.0,0.0,0.015,0.0,0.0,0.0,0.009,0.0,0.007,0.0,0.001,0.003,0.002,0.0,0.0,0.0,0.0
66,/media/olly/Red_SSD/Sample_Imgs_For_Natty/images/mouse/934EFBBF-3F2A-418F-940E-E7F3F278D2F2.JPG,27/11/2022 23:00:56,23:00:56,Mouse,0.583,mouse,Mouse,0.582,Rat,0.196,Rifleman,0.072,"[0.7768, 0.3338, 1.0, 0.7327]",0.913,0.474,0.066,0.119,0.49,0.0,0.0,0.032,0.0,0.0,0.002,0.037,0.002,0.0,0.019,0.001,0.0,0.007,0.0,0.01,0.002,0.026,0.018,0.0,0.005,0.052,0.0,0.0,0.001,0.004,0.001,0.012,0.0,0.017,0.0,0.001,0.005,0.001,0.008,0.0,0.0,0.0,0.0,0.001,0.582,0.002,0.0,0.001,0.0,0.003,0.001,0.0,0.002,0.004,0.034,0.001,0.007,0.007,0.196,0.002,0.072,0.025,0.0,0.001,0.01,0.0,0.022,0.0,0.002,0.0,0.0,0.037,0.0,0.0,0.0,0.019,0.001,0.052,0.001,0.002,0.01,0.004,0.0,0.0,0.0,0.002
67,/media/olly/Red_SSD/Sample_Imgs_For_Natty/images/mouse/CA7D5E1D-34F8-47F9-A71A-3E0DF544556C.JPG,27/11/2022 23:00:58,23:00:56,Mouse,0.583,mouse,unknown,0.433,unknown,0.293,unknown,0.13,"[0.7675, 0.2553, 0.9907, 0.6543]",0.859,0.4,0.041,0.11,0.771,0.0,0.0,0.015,0.0,0.0,0.002,0.034,0.002,0.0,0.028,0.001,0.0,0.004,0.0,0.005,0.002,0.02,0.016,0.0,0.006,0.051,0.0,0.001,0.001,0.003,0.001,0.014,0.0,0.012,0.0,0.001,0.003,0.002,0.007,0.0,0.0,0.0,0.0,0.002,0.433,0.001,0.0,0.001,0.001,0.002,0.002,0.0,0.003,0.003,0.039,0.0,0.004,0.006,0.293,0.002,0.063,0.045,0.0,0.0,0.004,0.0,0.01,0.001,0.0,0.0,0.0,0.024,0.0,0.001,0.0,0.009,0.001,0.13,0.002,0.003,0.004,0.004,0.0,0.0,0.0,0.001
68,/media/olly/Red_SSD/Sample_Imgs_For_Natty/images/mouse/C24F5D46-D623-497D-9EA4-BDAB333E19DB.JPG,27/11/2022 23:01:00,23:00:56,Mouse,0.583,mouse,Mouse,0.583,Rat,0.096,Rifleman,0.083,"[0.7653, 0.0765, 0.9885, 0.4754]",0.853,0.231,0.048,0.091,0.626,0.0,0.0,0.012,0.0,0.0,0.0,0.056,0.0,0.0,0.011,0.0,0.0,0.007,0.0,0.011,0.001,0.012,0.006,0.0,0.001,0.023,0.0,0.0,0.0,0.002,0.001,0.009,0.0,0.026,0.0,0.0,0.004,0.0,0.007,0.0,0.0,0.0,0.0,0.001,0.583,0.004,0.0,0.003,0.0,0.002,0.001,0.0,0.003,0.001,0.029,0.004,0.003,0.003,0.096,0.0,0.083,0.017,0.0,0.0,0.009,0.0,0.004,0.0,0.001,0.0,0.0,0.028,0.0,0.0,0.0,0.009,0.001,0.028,0.001,0.0,0.003,0.009,0.0,0.0,0.0,0.0
69,/media/olly/Red_SSD/Sample_Imgs_For_Natty/images/mouse/D1CA9FAF-0337-4F34-A6FD-3BF38FCB095B.JPG,28/11/2022 23:06:05,23:06:05,Mouse,0.569,mouse,Mouse,0.569,Rat,0.151,Rifleman,0.072,"[0.7522, 0.2194, 0.9754, 0.6184]",0.847,0.382,0.033,0.074,0.761,0.0,0.0,0.018,0.0,0.0,0.001,0.029,0.0,0.0,0.032,0.001,0.0,0.01,0.0,0.014,0.001,0.024,0.009,0.0,0.002,0.022,0.0,0.001,0.0,0.003,0.001,0.011,0.0,0.025,0.0,0.003,0.006,0.001,0.014,0.0,0.0,0.0,0.0,0.002,0.569,0.001,0.0,0.001,0.0,0.003,0.001,0.0,0.006,0.001,0.036,0.001,0.005,0.006,0.151,0.0,0.072,0.023,0.0,0.001,0.006,0.0,0.01,0.0,0.0,0.0,0.0,0.04,0.0,0.0,0.0,0.008,0.001,0.065,0.002,0.001,0.013,0.009,0.0,0.0,0.0,0.0
70,/media/olly/Red_SSD/Sample_Imgs_For_Natty/images/mouse/8AAFE9CD-6A57-4807-8B42-53752A000440.JPG,28/11/2022 23:13:33,23:13:33,Mouse,0.654,mouse,Mouse,0.654,Rat,0.17,Rifleman,0.036,"[0.356, 0.4036, 0.5792, 0.8025]",0.444,0.564,0.048,0.08,0.735,0.0,0.0,0.008,0.0,0.0,0.0,0.01,0.0,0.0,0.003,0.0,0.0,0.002,0.0,0.004,0.0,0.004,0.005,0.0,0.001,0.004,0.0,0.0,0.0,0.003,0.0,0.01,0.0,0.004,0.0,0.001,0.002,0.0,0.006,0.0,0.0,0.0,0.0,0.001,0.654,0.0,0.0,0.0,0.0,0.0,0.0,0.0,0.001,0.0,0.008,0.0,0.001,0.003,0.17,0.0,0.036,0.015,0.0,0.0,0.002,0.0,0.0,0.0,0.0,0.0,0.0,0.036,0.0,0.0,0.0,0.009,0.0,0.018,0.0,0.0,0.012,0.002,0.0,0.0,0.0,0.0
71,/media/olly/Red_SSD/Sample_Imgs_For_Natty/images/mouse/0F79C0A4-FE71-458E-BB32-466085EF2526.JPG,28/11/2022 23:13:36,23:13:33,Mouse,0.654,mouse,Mouse,0.582,Rat,0.225,Blackbird,0.032,"[0.3627, 0.494, 0.5859, 0.893]",0.422,0.628,0.105,0.132,0.61,0.0,0.0,0.021,0.0,0.0,0.0,0.032,0.0,0.0,0.003,0.0,0.0,0.003,0.0,0.002,0.0,0.013,0.007,0.0,0.001,0.021,0.0,0.0,0.0,0.002,0.0,0.013,0.0,0.007,0.0,0.001,0.002,0.0,0.005,0.0,0.0,0.0,0.0,0.001,0.582,0.0,0.0,0.0,0.0,0.003,0.0,0.0,0.001,0.001,0.009,0.0,0.003,0.005,0.225,0.0,0.032,0.015,0.0,0.0,0.006,0.0,0.004,0.0,0.0,0.0,0.0,0.012,0.0,0.0,0.0,0.013,0.0,0.021,0.0,0.0,0.006,0.002,0.0,0.0,0.0,0.0
72,/media/olly/Red_SSD/Sample_Imgs_For_Natty/images/mouse/3EFF19CE-2B2B-4E53-A5F6-338DFCA3DF7C.JPG,28/11/2022 23:13:38,23:13:33,Mouse,0.654,mouse,unknown,0.442,unknown,0.314,unknown,0.028,"[0.4528, 0.5758, 0.676, 0.9747]",0.479,0.607,0.171,0.337,0.905,0.0,0.0,0.002,0.0,0.0,0.0,0.005,0.0,0.0,0.004,0.0,0.0,0.0,0.0,0.002,0.0,0.002,0.002,0.0,0.002,0.008,0.0,0.0,0.0,0.001,0.0,0.011,0.0,0.002,0.0,0.001,0.003,0.0,0.007,0.0,0.0,0.0,0.0,0.002,0.314,0.0,0.0,0.0,0.0,0.0,0.0,0.0,0.0,0.0,0.028,0.0,0.001,0.0,0.442,0.0,0.007,0.009,0.0,0.0,0.002,0.0,0.0,0.0,0.0,0.0,0.0,0.014,0.0,0.0,0.0,0.004,0.0,0.011,0.0,0.0,0.004,0.001,0.0,0.0,0.0,0.0
73,/media/olly/Red_SSD/Sample_Imgs_For_Natty/images/mouse/6981ADE2-8C26-4656-85C8-9B60BC617E56.JPG,28/11/2022 23:18:42,23:18:42,Mouse,0.698,mouse,Mouse,0.698,Rat,0.127,Possum,0.017,"[0.4059, 0.2015, 0.6291, 0.6004]",0.493,0.355,0.049,0.093,0.658,0.0,0.0,0.004,0.0,0.0,0.0,0.008,0.0,0.0,0.007,0.0,0.0,0.002,0.0,0.003,0.0,0.004,0.003,0.0,0.001,0.009,0.0,0.0,0.0,0.003,0.0,0.006,0.0,0.005,0.0,0.0,0.001,0.0,0.003,0.0,0.0,0.0,0.0,0.0,0.698,0.0,0.0,0.0,0.0,0.0,0.0,0.0,0.001,0.0,0.017,0.0,0.001,0.003,0.127,0.0,0.016,0.01,0.0,0.0,0.001,0.0,0.001,0.0,0.0,0.0,0.0,0.016,0.0,0.0,0.0,0.003,0.0,0.016,0.0,0.001,0.002,0.001,0.0,0.0,0.0,0.0
74,/media/olly/Red_SSD/Sample_Imgs_For_Natty/images/mouse/DAC1FD90-5C15-4D4B-9D9E-E38B4269532A.JPG,28/11/2022 23:36:24,23:36:24,Mouse,0.738,mouse,unknown,0.485,unknown,0.288,unknown,0.015,"[0.3865, 0.3344, 0.6097, 0.7334]",0.454,0.434,0.089,0.2,0.773,0.0,0.0,0.003,0.0,0.0,0.0,0.008,0.0,0.0,0.002,0.0,0.0,0.0,0.0,0.001,0.0,0.015,0.001,0.0,0.002,0.015,0.0,0.0,0.0,0.001,0.0,0.005,0.0,0.004,0.0,0.0,0.0,0.0,0.002,0.0,0.0,0.0,0.0,0.0,0.288,0.0,0.0,0.0,0.0,0.0,0.0,0.0,0.0,0.0,0.01,0.0,0.001,0.002,0.485,0.0,0.006,0.008,0.0,0.0,0.001,0.0,0.001,0.0,0.0,0.0,0.0,0.009,0.0,0.0,0.0,0.007,0.0,0.007,0.0,0.0,0.004,0.0,0.0,0.0,0.0,0.0
75,/media/olly/Red_SSD/Sample_Imgs_For_Natty/images/mouse/39037B46-42D9-4D7E-8A31-77E51DF52D21.JPG,28/11/2022 23:36:26,23:36:24,Mouse,0.738,mouse,Mouse,0.568,Rat,0.227,Tomtit,0.071,"[0.4089, 0.4781, 0.6321, 0.877]",0.491,0.617,0.058,0.122,0.86,0.0,0.0,0.013,0.0,0.0,0.0,0.016,0.0,0.0,0.008,0.0,0.0,0.004,0.0,0.006,0.0,0.009,0.007,0.0,0.002,0.015,0.0,0.0,0.0,0.004,0.0,0.006,0.0,0.01,0.0,0.001,0.002,0.0,0.006,0.0,0.0,0.0,0.0,0.001,0.568,0.001,0.0,0.0,0.0,0.006,0.0,0.0,0.002,0.001,0.025,0.0,0.004,0.006,0.227,0.0,0.062,0.02,0.0,0.0,0.004,0.0,0.007,0.0,0.0,0.0,0.0,0.016,0.0,0.0,0.0,0.004,0.0,0.071,0.0,0.0,0.004,0.002,0.0,0.0,0.0,0.0
76,/media/olly/Red_SSD/Sample_Imgs_For_Natty/images/mouse/0AF2C550-02D8-4134-8B21-52571F4C03CF.JPG,28/11/2022 23:36:28,23:36:24,Mouse,0.738,mouse,Mouse,0.738,Rat,0.115,Possum,0.006,"[0.4252, 0.0964, 0.6484, 0.4953]",0.521,0.255,0.033,0.084,0.667,0.0,0.0,0.0,0.0,0.0,0.0,0.002,0.0,0.0,0.002,0.0,0.0,0.001,0.0,0.001,0.0,0.001,0.0,0.0,0.0,0.001,0.0,0.0,0.0,0.002,0.0,0.005,0.0,0.002,0.0,0.0,0.0,0.0,0.001,0.0,0.0,0.0,0.0,0.0,0.738,0.0,0.0,0.0,0.0,0.0,0.0,0.0,0.0,0.0,0.006,0.0,0.0,0.003,0.115,0.0,0.002,0.003,0.0,0.0,0.0,0.0,0.0,0.0,0.0,0.0,0.0,0.004,0.0,0.0,0.0,0.001,0.0,0.003,0.0,0.0,0.001,0.0,0.0,0.0,0.0,0.0
77,/media/olly/Red_SSD/Sample_Imgs_For_Natty/images/mouse/1703C51B-7FD7-44C1-8571-EFD9247C82E8.JPG,18/12/2022 03:32:41,03:32:41,Mouse,0.508,mouse,Mouse,0.508,Rat,0.252,Blackbird,0.046,"[0.3664, 0.2839, 0.5897, 0.6828]",0.448,0.442,0.061,0.084,0.605,0.0,0.0,0.002,0.0,0.0,0.0,0.046,0.0,0.0,0.005,0.0,0.0,0.0,0.0,0.003,0.0,0.011,0.001,0.0,0.0,0.002,0.0,0.0,0.0,0.003,0.0,0.009,0.0,0.002,0.0,0.001,0.0,0.0,0.004,0.0,0.0,0.0,0.0,0.0,0.508,0.0,0.0,0.0,0.0,0.001,0.0,0.0,0.0,0.0,0.01,0.0,0.001,0.002,0.252,0.0,0.008,0.008,0.0,0.0,0.0,0.0,0.0,0.0,0.0,0.0,0.0,0.002,0.0,0.0,0.0,0.003,0.0,0.004,0.0,0.0,0.0,0.0,0.0,0.0,0.0,0.0
78,/media/olly/Red_SSD/Sample_Imgs_For_Natty/images/mouse/F1F8A6D3-C4C1-41D2-8ECF-F3631C937718.JPG,18/12/2022 03:32:43,03:32:41,Mouse,0.508,mouse,unknown,0.456,unknown,0.327,unknown,0.02,"[0.3664, 0.3092, 0.5897, 0.7081]",0.44,0.435,0.076,0.148,0.797,0.0,0.0,0.004,0.0,0.0,0.0,0.02,0.0,0.0,0.005,0.0,0.0,0.0,0.0,0.003,0.0,0.007,0.002,0.0,0.0,0.004,0.0,0.0,0.0,0.003,0.0,0.005,0.0,0.004,0.0,0.001,0.0,0.0,0.005,0.0,0.0,0.0,0.0,0.0,0.456,0.0,0.0,0.0,0.0,0.001,0.0,0.0,0.001,0.0,0.014,0.0,0.001,0.004,0.327,0.0,0.012,0.011,0.0,0.0,0.0,0.0,0.001,0.0,0.0,0.0,0.0,0.007,0.0,0.0,0.0,0.006,0.0,0.009,0.0,0.0,0.001,0.001,0.0,0.0,0.0,0.0
79,/media/olly/Red_SSD/Sample_Imgs_For_Natty/images/mouse/B73AC502-3C36-40DA-AD3B-57B7AE9D883B.JPG,18/12/2022 03:32:45,03:32:41,Mouse,0.508,mouse,unknown,0.436,unknown,0.31,unknown,0.075,"[0.4438, 0.1642, 0.667, 0.5632]",0.53,0.328,0.052,0.073,0.265,0.0,0.0,0.026,0.0,0.0,0.0,0.04,0.0,0.0,0.015,0.001,0.0,0.002,0.0,0.007,0.002,0.06,0.007,0.0,0.001,0.075,0.0,0.002,0.0,0.005,0.0,0.01,0.0,0.025,0.0,0.001,0.001,0.0,0.008,0.0,0.0,0.0,0.0,0.0,0.436,0.0,0.0,0.0,0.0,0.004,0.0,0.0,0.004,0.001,0.022,0.0,0.004,0.01,0.31,0.001,0.048,0.016,0.0,0.0,0.002,0.0,0.009,0.0,0.0,0.0,0.0,0.015,0.0,0.0,0.0,0.026,0.0,0.02,0.0,0.002,0.008,0.001,0.0,0.0,0.0,0.002
80,/media/olly/Red_SSD/Sample_Imgs_For_Natty/images/mouse/6DAB3E13-82C5-4A9F-91B7-F4FE4964BF13.JPG,18/12/2022 03:52:47,03:52:47,Rat,0.57,mouse,Rat,0.57,Mouse,0.232,Possum,0.023,"[0.5327, 0.2886, 0.756, 0.6875]",0.596,0.458,0.097,0.06,0.754,0.0,0.0,0.001,0.0,0.0,0.0,0.006,0.0,0.0,0.011,0.0,0.0,0.0,0.0,0.002,0.0,0.005,0.001,0.0,0.002,0.002,0.0,0.0,0.0,0.003,0.0,0.013,0.0,0.002,0.0,0.003,0.001,0.0,0.007,0.0,0.0,0.0,0.0,0.0,0.232,0.0,0.0,0.0,0.0,0.0,0.0,0.0,0.001,0.0,0.023,0.0,0.001,0.003,0.57,0.0,0.004,0.005,0.0,0.0,0.0,0.0,0.0,0.0,0.0,0.0,0.0,0.008,0.0,0.0,0.0,0.003,0.0,0.003,0.0,0.001,0.002,0.001,0.0,0.0,0.0,0.0
81,/media/olly/Red_SSD/Sample_Imgs_For_Natty/images/mouse/37990C4B-EE36-4642-93A9-9259C7A8D281.JPG,19/12/2022 04:14:49,04:14:49,Mouse,0.603,mouse,Mouse,0.603,Rat,0.204,Blackbird,0.02,"[0.5923, 0.236, 0.8155, 0.635]",0.676,0.381,0.056,0.11,0.537,0.0,0.0,0.007,0.0,0.0,0.0,0.02,0.0,0.0,0.004,0.0,0.0,0.001,0.0,0.002,0.0,0.01,0.001,0.0,0.0,0.01,0.0,0.0,0.0,0.004,0.0,0.01,0.0,0.004,0.0,0.0,0.0,0.0,0.005,0.0,0.0,0.0,0.0,0.0,0.603,0.0,0.0,0.0,0.0,0.0,0.0,0.0,0.001,0.0,0.01,0.0,0.002,0.006,0.204,0.0,0.016,0.008,0.0,0.0,0.001,0.0,0.001,0.0,0.0,0.0,0.0,0.011,0.0,0.0,0.0,0.004,0.0,0.007,0.0,0.0,0.003,0.001,0.0,0.0,0.0,0.0
82,/media/olly/Red_SSD/Sample_Imgs_For_Natty/images/mouse/ED09DC17-94C8-4A60-A4AC-31E7C90CE05B.JPG,19/12/2022 04:14:52,04:14:49,Mouse,0.603,mouse,unknown,0.396,unknown,0.383,unknown,0.037,"[0.5253, 0.1556, 0.7485, 0.5545]",0.604,0.327,0.066,0.057,0.666,0.0,0.0,0.004,0.0,0.0,0.0,0.006,0.0,0.0,0.011,0.001,0.0,0.001,0.0,0.005,0.001,0.004,0.002,0.0,0.006,0.005,0.0,0.0,0.0,0.005,0.0,0.016,0.0,0.009,0.0,0.002,0.001,0.0,0.02,0.0,0.0,0.0,0.0,0.0,0.383,0.0,0.0,0.0,0.0,0.0,0.0,0.0,0.002,0.0,0.026,0.0,0.005,0.004,0.396,0.0,0.006,0.007,0.0,0.001,0.001,0.0,0.002,0.0,0.0,0.0,0.0,0.037,0.0,0.0,0.0,0.004,0.0,0.007,0.0,0.004,0.011,0.001,0.0,0.0,0.0,0.0
83,/media/olly/Red_SSD/Sample_Imgs_For_Natty/images/mouse/C305936F-6C20-4293-80CE-94679DE381DD.JPG,19/12/2022 04:14:54,04:14:49,Mouse,0.603,mouse,unknown,0.5,unknown,0.298,unknown,0.017,"[0.4877, 0.139, 0.7109, 0.5379]",0.577,0.308,0.046,0.061,0.68,0.0,0.0,0.004,0.0,0.0,0.0,0.008,0.0,0.0,0.007,0.0,0.0,0.0,0.0,0.004,0.001,0.005,0.001,0.0,0.001,0.004,0.0,0.0,0.0,0.006,0.0,0.006,0.0,0.004,0.0,0.001,0.0,0.0,0.007,0.0,0.0,0.0,0.0,0.0,0.5,0.0,0.0,0.0,0.0,0.0,0.0,0.0,0.001,0.0,0.015,0.0,0.002,0.004,0.298,0.0,0.008,0.007,0.0,0.0,0.0,0.0,0.001,0.0,0.0,0.0,0.0,0.017,0.0,0.0,0.0,0.005,0.0,0.005,0.0,0.001,0.003,0.001,0.0,0.0,0.0,0.0
84,/media/olly/Red_SSD/Sample_Imgs_For_Natty/images/mouse/F1A395F2-B638-4929-8AB0-5698214B9927.JPG,19/12/2022 04:32:51,04:32:51,Mouse,0.594,mouse,Mouse,0.594,Rat,0.186,Possum,0.016,"[0.6138, 0.1622, 0.8371, 0.5612]",0.692,0.325,0.067,0.074,0.626,0.0,0.0,0.0,0.0,0.0,0.0,0.001,0.0,0.0,0.006,0.0,0.0,0.0,0.0,0.003,0.0,0.0,0.0,0.0,0.0,0.0,0.0,0.0,0.0,0.002,0.0,0.007,0.0,0.002,0.0,0.0,0.001,0.0,0.015,0.0,0.0,0.0,0.0,0.0,0.594,0.0,0.0,0.0,0.0,0.0,0.0,0.0,0.001,0.0,0.016,0.0,0.0,0.003,0.186,0.0,0.004,0.002,0.0,0.0,0.0,0.0,0.0,0.0,0.0,0.0,0.0,0.015,0.0,0.0,0.0,0.0,0.0,0.002,0.0,0.0,0.002,0.002,0.0,0.0,0.0,0.0
85,/media/olly/Red_SSD/Sample_Imgs_For_Natty/images/mouse/84420459-A5E8-4844-8C96-F462D1E4E2AE.JPG,19/12/2022 23:14:43,23:14:43,Mouse,0.765,mouse,Mouse,0.765,Rat,0.086,Possum,0.016,"[0.5372, 0.2859, 0.7604, 0.6848]",0.61,0.431,0.079,0.11,0.675,0.0,0.0,0.001,0.0,0.0,0.0,0.004,0.0,0.0,0.006,0.0,0.0,0.001,0.0,0.008,0.0,0.0,0.0,0.0,0.0,0.001,0.0,0.0,0.0,0.002,0.0,0.003,0.0,0.003,0.0,0.0,0.0,0.0,0.002,0.0,0.0,0.0,0.0,0.0,0.765,0.0,0.0,0.0,0.0,0.0,0.0,0.0,0.001,0.0,0.016,0.0,0.0,0.002,0.086,0.0,0.009,0.003,0.0,0.0,0.0,0.0,0.0,0.0,0.0,0.0,0.0,0.006,0.0,0.0,0.0,0.001,0.0,0.005,0.0,0.0,0.001,0.001,0.0,0.0,0.0,0.0
86,/media/olly/Red_SSD/Sample_Imgs_For_Natty/images/mouse/F63DEA3E-F2ED-40CD-8461-BADEB061C491.JPG,19/12/2022 23:14:45,23:14:43,Mouse,0.765,mouse,Mouse,0.743,Rat,0.098,Possum,0.012,"[0.5253, 0.3105, 0.7485, 0.7094]",0.601,0.479,0.072,0.063,0.697,0.0,0.0,0.002,0.0,0.0,0.0,0.011,0.0,0.0,0.008,0.0,0.0,0.001,0.0,0.003,0.0,0.002,0.001,0.0,0.0,0.003,0.0,0.0,0.0,0.001,0.0,0.003,0.0,0.004,0.0,0.0,0.0,0.0,0.002,0.0,0.0,0.0,0.0,0.0,0.743,0.0,0.0,0.0,0.0,0.0,0.0,0.0,0.001,0.0,0.012,0.0,0.001,0.002,0.098,0.0,0.01,0.004,0.0,0.0,0.0,0.0,0.0,0.0,0.0,0.0,0.0,0.005,0.0,0.0,0.0,0.002,0.0,0.007,0.0,0.0,0.0,0.001,0.0,0.0,0.0,0.0
87,/media/olly/Red_SSD/Sample_Imgs_For_Natty/images/mouse/7ED9D650-566D-460F-BD47-2728C270D266.JPG,19/12/2022 23:14:47,23:14:43,Mouse,0.765,mouse,Mouse,0.668,Rat,0.14,Rifleman,0.017,"[0.5253, 0.3032, 0.7485, 0.7021]",0.591,0.47,0.093,0.066,0.642,0.0,0.0,0.004,0.0,0.0,0.0,0.013,0.0,0.0,0.006,0.0,0.0,0.001,0.0,0.004,0.001,0.004,0.001,0.0,0.0,0.006,0.0,0.0,0.0,0.002,0.0,0.006,0.0,0.007,0.0,0.0,0.001,0.0,0.004,0.0,0.0,0.0,0.0,0.0,0.668,0.0,0.0,0.0,0.0,0.0,0.0,0.0,0.001,0.0,0.013,0.0,0.002,0.002,0.14,0.0,0.017,0.007,0.0,0.0,0.001,0.0,0.001,0.0,0.0,0.0,0.0,0.012,0.0,0.0,0.0,0.004,0.0,0.008,0.0,0.0,0.002,0.002,0.0,0.0,0.0,0.0
88,/media/olly/Red_SSD/Sample_Imgs_For_Natty/images/mouse/80E0729C-285A-42BC-B6C6-1807F7738EFE.JPG,19/12/2022 23:18:59,23:18:59,Mouse,0.703,mouse,Mouse,0.703,Rat,0.134,Possum,0.018,"[0.4859, 0.2806, 0.7091, 0.6795]",0.555,0.448,0.085,0.064,0.76,0.0,0.0,0.003,0.0,0.0,0.0,0.007,0.0,0.0,0.008,0.0,0.0,0.001,0.0,0.006,0.0,0.002,0.001,0.0,0.0,0.002,0.0,0.0,0.0,0.005,0.0,0.006,0.0,0.002,0.0,0.001,0.001,0.0,0.005,0.0,0.0,0.0,0.0,0.0,0.703,0.0,0.0,0.0,0.0,0.0,0.0,0.0,0.001,0.0,0.018,0.0,0.001,0.002,0.134,0.0,0.014,0.007,0.0,0.0,0.0,0.0,0.001,0.0,0.0,0.0,0.0,0.016,0.0,0.0,0.0,0.004,0.0,0.012,0.0,0.0,0.002,0.001,0.0,0.0,0.0,0.0
89,/media/olly/Red_SSD/Sample_Imgs_For_Natty/images/mouse/FA9C70FB-B0BE-4943-9204-6881176E2330.JPG,19/12/2022 23:19:02,23:18:59,Mouse,0.703,mouse,Mouse,0.577,Rat,0.195,Rifleman,0.041,"[0.4673, 0.2267, 0.6905, 0.6257]",0.55,0.38,0.057,0.092,0.363,0.0,0.0,0.007,0.0,0.0,0.0,0.018,0.0,0.0,0.01,0.0,0.0,0.001,0.0,0.007,0.0,0.01,0.002,0.0,0.0,0.009,0.0,0.001,0.0,0.006,0.0,0.007,0.0,0.007,0.0,0.001,0.001,0.0,0.007,0.0,0.0,0.0,0.0,0.0,0.577,0.0,0.0,0.0,0.0,0.0,0.0,0.0,0.002,0.0,0.017,0.0,0.001,0.004,0.195,0.0,0.041,0.014,0.0,0.0,0.001,0.0,0.001,0.0,0.0,0.0,0.0,0.012,0.0,0.0,0.0,0.009,0.0,0.018,0.0,0.0,0.003,0.002,0.0,0.0,0.0,0.0
90,/media/olly/Red_SSD/Sample_Imgs_For_Natty/images/possum/0A1CD46C-4B01-4287-BEBB-C0D02AA5783A.JPG,01/03/2018 10:20:57,10:20:57,Possum,0.998,possum,Possum,0.998,Rat,0.0,Hedgehog,0.0,"[0.0, 0.0, 0.4211, 0.7528]",0.0,0.0,0.421,0.402,0.839,0.0,0.0,0.0,0.0,0.0,0.0,0.0,0.0,0.0,0.0,0.0,0.0,0.0,0.0,0.0,0.0,0.0,0.0,0.0,0.0,0.0,0.0,0.0,0.0,0.0,0.0,0.0,0.0,0.0,0.0,0.0,0.0,0.0,0.0,0.0,0.0,0.0,0.0,0.0,0.0,0.0,0.0,0.0,0.0,0.0,0.0,0.0,0.0,0.0,0.998,0.0,0.0,0.0,0.0,0.0,0.0,0.0,0.0,0.0,0.0,0.0,0.0,0.0,0.0,0.0,0.0,0.0,0.0,0.0,0.0,0.0,0.0,0.0,0.0,0.0,0.0,0.0,0.0,0.0,0.0,0.0
91,/media/olly/Red_SSD/Sample_Imgs_For_Natty/images/possum/0DB03D12-86F8-4742-ADB9-9A67719F1E1C.JPG,04/03/2018 08:52:12,08:52:12,Possum,0.946,possum,Possum,0.946,Deer,0.009,Rat,0.007,"[0.0, 0.2462, 0.3415, 0.8566]",0.0,0.247,0.115,0.61,0.51,0.0,0.0,0.0,0.0,0.0,0.0,0.0,0.0,0.0,0.003,0.0,0.0,0.0,0.0,0.009,0.0,0.0,0.0,0.0,0.0,0.0,0.0,0.0,0.0,0.001,0.0,0.003,0.0,0.0,0.0,0.0,0.0,0.0,0.001,0.0,0.0,0.0,0.0,0.0,0.001,0.0,0.0,0.0,0.0,0.0,0.0,0.0,0.0,0.0,0.946,0.0,0.0,0.0,0.007,0.0,0.0,0.0,0.0,0.0,0.0,0.0,0.0,0.0,0.0,0.0,0.0,0.001,0.0,0.0,0.0,0.0,0.0,0.0,0.0,0.0,0.0,0.0,0.0,0.0,0.0,0.0
92,/media/olly/Red_SSD/Sample_Imgs_For_Natty/images/possum/0E4C70F0-7F54-44F5-B9C0-2EA821458FEB.JPG,10/03/2018 11:49:23,11:49:23,Possum,0.999,possum,Possum,0.999,Hedgehog,0.0,Rat,0.0,"[0.0, 0.0335, 0.4323, 0.8057]",0.0,0.034,0.296,0.773,0.646,0.0,0.0,0.0,0.0,0.0,0.0,0.0,0.0,0.0,0.0,0.0,0.0,0.0,0.0,0.0,0.0,0.0,0.0,0.0,0.0,0.0,0.0,0.0,0.0,0.0,0.0,0.0,0.0,0.0,0.0,0.0,0.0,0.0,0.0,0.0,0.0,0.0,0.0,0.0,0.0,0.0,0.0,0.0,0.0,0.0,0.0,0.0,0.0,0.0,0.999,0.0,0.0,0.0,0.0,0.0,0.0,0.0,0.0,0.0,0.0,0.0,0.0,0.0,0.0,0.0,0.0,0.0,0.0,0.0,0.0,0.0,0.0,0.0,0.0,0.0,0.0,0.0,0.0,0.0,0.0,0.0
93,/media/olly/Red_SSD/Sample_Imgs_For_Natty/images/possum/1B859B5B-DB3F-4515-B7CE-793C65150451.JPG,14/01/2020 07:18:31,07:18:31,Possum,0.999,possum,Possum,0.999,Hedgehog,0.0,Goat,0.0,"[0.0, 0.4332, 0.317, 0.9935]",0.0,0.458,0.317,0.511,0.954,0.0,0.0,0.0,0.0,0.0,0.0,0.0,0.0,0.0,0.0,0.0,0.0,0.0,0.0,0.0,0.0,0.0,0.0,0.0,0.0,0.0,0.0,0.0,0.0,0.0,0.0,0.0,0.0,0.0,0.0,0.0,0.0,0.0,0.0,0.0,0.0,0.0,0.0,0.0,0.0,0.0,0.0,0.0,0.0,0.0,0.0,0.0,0.0,0.0,0.999,0.0,0.0,0.0,0.0,0.0,0.0,0.0,0.0,0.0,0.0,0.0,0.0,0.0,0.0,0.0,0.0,0.0,0.0,0.0,0.0,0.0,0.0,0.0,0.0,0.0,0.0,0.0,0.0,0.0,0.0,0.0
94,/media/olly/Red_SSD/Sample_Imgs_For_Natty/images/possum/0C71E0C5-282E-494A-AF1D-CEF45F0702DC.JPG,26/02/2020 10:09:25,10:09:25,Possum,1.0,possum,Possum,1.0,Goat,0.0,Grey Warbler,0.0,"[0.3748, 0.0, 0.7036, 0.5814]",0.375,0.0,0.329,0.565,0.837,0.0,0.0,0.0,0.0,0.0,0.0,0.0,0.0,0.0,0.0,0.0,0.0,0.0,0.0,0.0,0.0,0.0,0.0,0.0,0.0,0.0,0.0,0.0,0.0,0.0,0.0,0.0,0.0,0.0,0.0,0.0,0.0,0.0,0.0,0.0,0.0,0.0,0.0,0.0,0.0,0.0,0.0,0.0,0.0,0.0,0.0,0.0,0.0,0.0,1.0,0.0,0.0,0.0,0.0,0.0,0.0,0.0,0.0,0.0,0.0,0.0,0.0,0.0,0.0,0.0,0.0,0.0,0.0,0.0,0.0,0.0,0.0,0.0,0.0,0.0,0.0,0.0,0.0,0.0,0.0,0.0
95,/media/olly/Red_SSD/Sample_Imgs_For_Natty/images/possum/0F7AA49E-0BC4-43EC-B01A-D70357458C4E.JPG,01/12/2022 03:07:04,03:07:04,unknown,0.375,possum,unknown,0.375,unknown,0.224,unknown,0.141,"[0.0, -0.2097, 0.6834, 1.0]",0.0,0.519,0.684,0.451,0.948,0.0,0.0,0.0,0.0,0.0,0.0,0.002,0.0,0.0,0.124,0.033,0.0,0.072,0.0,0.224,0.01,0.0,0.0,0.0,0.015,0.0,0.0,0.068,0.0,0.022,0.0,0.01,0.005,0.015,0.0,0.008,0.011,0.0,0.061,0.001,0.0,0.0,0.0,0.001,0.019,0.0,0.0,0.0,0.0,0.0,0.0,0.0,0.141,0.0,0.375,0.0,0.0,0.017,0.027,0.0,0.001,0.001,0.0,0.034,0.047,0.0,0.0,0.0,0.0,0.0,0.0,0.012,0.0,0.014,0.0,0.0,0.0,0.001,0.0,0.006,0.001,0.004,0.0,0.0,0.007,0.0
96,/media/olly/Red_SSD/Sample_Imgs_For_Natty/images/possum/0AFFB416-46D4-447B-97B3-8A7B635393A4.JPG,31/12/2022 03:50:12,03:50:12,Possum,0.997,possum,Possum,0.997,Hedgehog,0.001,Rat,0.0,"[0.5716, 0.2434, 0.9993, 1.0]",0.572,0.353,0.428,0.617,0.981,0.0,0.0,0.0,0.0,0.0,0.0,0.0,0.0,0.0,0.0,0.0,0.0,0.0,0.0,0.0,0.0,0.0,0.0,0.0,0.0,0.0,0.0,0.0,0.0,0.0,0.0,0.001,0.0,0.0,0.0,0.0,0.0,0.0,0.0,0.0,0.0,0.0,0.0,0.0,0.0,0.0,0.0,0.0,0.0,0.0,0.0,0.0,0.0,0.0,0.997,0.0,0.0,0.0,0.0,0.0,0.0,0.0,0.0,0.0,0.0,0.0,0.0,0.0,0.0,0.0,0.0,0.0,0.0,0.0,0.0,0.0,0.0,0.0,0.0,0.0,0.0,0.0,0.0,0.0,0.0,0.0
97,/media/olly/Red_SSD/Sample_Imgs_For_Natty/images/quail_california/56e3f94d-48bf-459c-b0cf-43e04f7f8e70.JPG,31/10/2020 09:22:14,09:22:14,Quail,0.894,unknown,Quail,0.52,Kereru,0.04,Robin,0.028,"[0.388, 0.5916, 0.4996, 0.79]",0.412,0.595,0.064,0.191,0.874,0.001,0.007,0.003,0.0,0.0,0.001,0.01,0.0,0.0,0.002,0.0,0.0,0.0,0.0,0.002,0.001,0.0,0.019,0.0,0.0,0.001,0.003,0.0,0.0,0.001,0.0,0.0,0.0,0.002,0.0,0.0,0.001,0.04,0.0,0.0,0.0,0.0,0.0,0.0,0.001,0.0,0.003,0.0,0.006,0.0,0.0,0.002,0.0,0.0,0.0,0.001,0.52,0.001,0.0,0.0,0.005,0.028,0.0,0.0,0.0,0.0,0.0,0.0,0.0,0.0,0.0,0.001,0.0,0.0,0.0,0.002,0.0,0.003,0.0,0.004,0.0,0.001,0.0,0.0,0.0,0.0
98,/media/olly/Red_SSD/Sample_Imgs_For_Natty/images/quail_california/3f2cc536-3fc0-426d-b570-3c1e31aef8d4.JPG,31/10/2020 09:22:15,09:22:14,Quail,0.894,unknown,Quail,0.894,Rifleman,0.007,Fantail,0.001,"[0.3118, 0.7857, 0.4234, 0.9841]",0.318,0.8,0.1,0.169,0.76,0.0,0.0,0.0,0.0,0.0,0.0,0.0,0.0,0.0,0.0,0.0,0.0,0.0,0.0,0.0,0.0,0.0,0.001,0.0,0.0,0.0,0.0,0.0,0.0,0.0,0.0,0.0,0.0,0.0,0.0,0.0,0.0,0.0,0.0,0.0,0.0,0.0,0.0,0.0,0.0,0.0,0.0,0.0,0.0,0.0,0.0,0.0,0.0,0.0,0.0,0.0,0.894,0.0,0.0,0.0,0.007,0.0,0.0,0.0,0.0,0.0,0.0,0.0,0.0,0.0,0.0,0.0,0.0,0.0,0.0,0.0,0.0,0.0,0.0,0.0,0.0,0.0,0.0,0.0,0.0,0.0
99,/media/olly/Red_SSD/Sample_Imgs_For_Natty/images/quail_california/3fce194e-06d3-4927-a51b-53f6600ab8a6.JPG,18/11/2020 07:06:13,07:06:13,Quail,0.986,unknown,Quail,0.888,Rifleman,0.038,Blackbird,0.002,"[0.1717, 0.3479, 0.2833, 0.5463]",0.182,0.399,0.09,0.097,0.88,0.0,0.0,0.001,0.0,0.0,0.0,0.002,0.0,0.0,0.0,0.0,0.0,0.0,0.0,0.0,0.0,0.0,0.0,0.0,0.0,0.0,0.0,0.0,0.0,0.0,0.0,0.0,0.0,0.0,0.0,0.0,0.0,0.0,0.0,0.0,0.0,0.0,0.0,0.0,0.0,0.0,0.0,0.0,0.0,0.0,0.0,0.0,0.0,0.0,0.0,0.0,0.888,0.0,0.0,0.0,0.038,0.0,0.0,0.0,0.0,0.0,0.0,0.0,0.0,0.0,0.0,0.0,0.0,0.0,0.0,0.0,0.0,0.0,0.0,0.0,0.0,0.0,0.0,0.0,0.0,0.0
100,/media/olly/Red_SSD/Sample_Imgs_For_Natty/images/quail_california/5d5311dc-90d8-4092-b933-ac4849efc325.JPG,18/11/2020 07:06:18,07:06:13,Quail,0.986,unknown,Quail,0.986,Rifleman,0.01,Blackbird,0.003,"[0.1734, 0.4623, 0.285, 0.6607]",0.2,0.508,0.058,0.106,0.911,0.0,0.0,0.0,0.0,0.0,0.0,0.003,0.0,0.0,0.0,0.0,0.0,0.0,0.0,0.0,0.0,0.0,0.0,0.0,0.0,0.0,0.0,0.0,0.0,0.0,0.0,0.0,0.0,0.0,0.0,0.0,0.0,0.0,0.0,0.0,0.0,0.0,0.0,0.0,0.0,0.0,0.0,0.0,0.0,0.0,0.0,0.0,0.0,0.0,0.0,0.0,0.986,0.0,0.0,0.0,0.01,0.0,0.0,0.0,0.0,0.0,0.0,0.0,0.0,0.0,0.0,0.0,0.0,0.0,0.0,0.0,0.0,0.0,0.0,0.0,0.0,0.0,0.0,0.0,0.0,0.0
101,/media/olly/Red_SSD/Sample_Imgs_For_Natty/images/quail_california/77ae30c9-1d9e-48d9-9500-96145f3094c3.JPG,04/12/2020 08:56:34,08:56:34,Quail,1.0,unknown,Quail,0.999,Rifleman,0.0,Goat,0.0,"[0.3668, 0.4236, 0.4784, 0.622]",0.396,0.453,0.053,0.139,0.883,0.0,0.0,0.0,0.0,0.0,0.0,0.0,0.0,0.0,0.0,0.0,0.0,0.0,0.0,0.0,0.0,0.0,0.0,0.0,0.0,0.0,0.0,0.0,0.0,0.0,0.0,0.0,0.0,0.0,0.0,0.0,0.0,0.0,0.0,0.0,0.0,0.0,0.0,0.0,0.0,0.0,0.0,0.0,0.0,0.0,0.0,0.0,0.0,0.0,0.0,0.0,0.999,0.0,0.0,0.0,0.0,0.0,0.0,0.0,0.0,0.0,0.0,0.0,0.0,0.0,0.0,0.0,0.0,0.0,0.0,0.0,0.0,0.0,0.0,0.0,0.0,0.0,0.0,0.0,0.0,0.0
102,/media/olly/Red_SSD/Sample_Imgs_For_Natty/images/quail_california/41b95b11-d718-4547-8268-5712179553e4.JPG,04/12/2020 08:56:35,08:56:34,Quail,1.0,unknown,Quail,1.0,Goat,0.0,Grey Warbler,0.0,"[0.3105, 0.5344, 0.4221, 0.7328]",0.335,0.548,0.063,0.171,0.907,0.0,0.0,0.0,0.0,0.0,0.0,0.0,0.0,0.0,0.0,0.0,0.0,0.0,0.0,0.0,0.0,0.0,0.0,0.0,0.0,0.0,0.0,0.0,0.0,0.0,0.0,0.0,0.0,0.0,0.0,0.0,0.0,0.0,0.0,0.0,0.0,0.0,0.0,0.0,0.0,0.0,0.0,0.0,0.0,0.0,0.0,0.0,0.0,0.0,0.0,0.0,1.0,0.0,0.0,0.0,0.0,0.0,0.0,0.0,0.0,0.0,0.0,0.0,0.0,0.0,0.0,0.0,0.0,0.0,0.0,0.0,0.0,0.0,0.0,0.0,0.0,0.0,0.0,0.0,0.0,0.0
103,/media/olly/Red_SSD/Sample_Imgs_For_Natty/images/quail_california/8cb8fddc-b511-426f-b7dd-fc0bc19f636c.JPG,06/12/2020 08:53:03,08:53:03,Quail,1.0,unknown,Quail,1.0,Blackbird,0.0,Goat,0.0,"[0.3311, 0.5043, 0.4438, 0.7046]",0.36,0.505,0.055,0.2,0.945,0.0,0.0,0.0,0.0,0.0,0.0,0.0,0.0,0.0,0.0,0.0,0.0,0.0,0.0,0.0,0.0,0.0,0.0,0.0,0.0,0.0,0.0,0.0,0.0,0.0,0.0,0.0,0.0,0.0,0.0,0.0,0.0,0.0,0.0,0.0,0.0,0.0,0.0,0.0,0.0,0.0,0.0,0.0,0.0,0.0,0.0,0.0,0.0,0.0,0.0,0.0,1.0,0.0,0.0,0.0,0.0,0.0,0.0,0.0,0.0,0.0,0.0,0.0,0.0,0.0,0.0,0.0,0.0,0.0,0.0,0.0,0.0,0.0,0.0,0.0,0.0,0.0,0.0,0.0,0.0,0.0
104,/media/olly/Red_SSD/Sample_Imgs_For_Natty/images/quail_california/3fde432c-3402-4824-9def-e2bd36749363.JPG,06/12/2020 08:53:04,08:53:03,Quail,1.0,unknown,Quail,1.0,Goat,0.0,Grey Warbler,0.0,"[0.3374, 0.4666, 0.449, 0.665]",0.363,0.487,0.06,0.158,0.928,0.0,0.0,0.0,0.0,0.0,0.0,0.0,0.0,0.0,0.0,0.0,0.0,0.0,0.0,0.0,0.0,0.0,0.0,0.0,0.0,0.0,0.0,0.0,0.0,0.0,0.0,0.0,0.0,0.0,0.0,0.0,0.0,0.0,0.0,0.0,0.0,0.0,0.0,0.0,0.0,0.0,0.0,0.0,0.0,0.0,0.0,0.0,0.0,0.0,0.0,0.0,1.0,0.0,0.0,0.0,0.0,0.0,0.0,0.0,0.0,0.0,0.0,0.0,0.0,0.0,0.0,0.0,0.0,0.0,0.0,0.0,0.0,0.0,0.0,0.0,0.0,0.0,0.0,0.0,0.0,0.0
105,/media/olly/Red_SSD/Sample_Imgs_For_Natty/images/quail_california/4da28ba5-fb5f-4ba0-a4ab-704e183652ab.JPG,06/12/2020 08:53:12,08:53:03,Quail,1.0,unknown,Quail,0.997,Rifleman,0.0,Blackbird,0.0,"[0.4005, 0.338, 0.5121, 0.5364]",0.43,0.377,0.052,0.121,0.925,0.0,0.0,0.0,0.0,0.0,0.0,0.0,0.0,0.0,0.0,0.0,0.0,0.0,0.0,0.0,0.0,0.0,0.0,0.0,0.0,0.0,0.0,0.0,0.0,0.0,0.0,0.0,0.0,0.0,0.0,0.0,0.0,0.0,0.0,0.0,0.0,0.0,0.0,0.0,0.0,0.0,0.0,0.0,0.0,0.0,0.0,0.0,0.0,0.0,0.0,0.0,0.997,0.0,0.0,0.0,0.0,0.0,0.0,0.0,0.0,0.0,0.0,0.0,0.0,0.0,0.0,0.0,0.0,0.0,0.0,0.0,0.0,0.0,0.0,0.0,0.0,0.0,0.0,0.0,0.0,0.0
106,/media/olly/Red_SSD/Sample_Imgs_For_Natty/images/quail_california/57c40838-6056-432e-a17e-973ef5c6a289.JPG,06/12/2020 08:53:12,08:53:03,Quail,1.0,unknown,Quail,0.997,Blackbird,0.001,Rifleman,0.0,"[0.3873, 0.3598, 0.4989, 0.5582]",0.416,0.389,0.055,0.14,0.895,0.0,0.0,0.0,0.0,0.0,0.0,0.001,0.0,0.0,0.0,0.0,0.0,0.0,0.0,0.0,0.0,0.0,0.0,0.0,0.0,0.0,0.0,0.0,0.0,0.0,0.0,0.0,0.0,0.0,0.0,0.0,0.0,0.0,0.0,0.0,0.0,0.0,0.0,0.0,0.0,0.0,0.0,0.0,0.0,0.0,0.0,0.0,0.0,0.0,0.0,0.0,0.997,0.0,0.0,0.0,0.0,0.0,0.0,0.0,0.0,0.0,0.0,0.0,0.0,0.0,0.0,0.0,0.0,0.0,0.0,0.0,0.0,0.0,0.0,0.0,0.0,0.0,0.0,0.0,0.0,0.0
107,/media/olly/Red_SSD/Sample_Imgs_For_Natty/images/rat/0FB5ADE7-E194-4AC5-A24F-03D56505BA1C.JPG,01/03/2020 07:39:47,07:39:47,Rat,0.785,rat,Rat,0.785,Mouse,0.087,Stoat,0.004,"[0.3615, 0.2141, 0.6979, 0.8087]",0.362,0.436,0.336,0.153,0.724,0.0,0.0,0.0,0.0,0.0,0.0,0.0,0.0,0.0,0.001,0.0,0.0,0.0,0.0,0.001,0.0,0.0,0.0,0.0,0.0,0.0,0.0,0.0,0.0,0.001,0.0,0.001,0.0,0.0,0.0,0.0,0.0,0.0,0.0,0.0,0.0,0.0,0.0,0.0,0.087,0.0,0.0,0.0,0.0,0.0,0.0,0.0,0.0,0.0,0.002,0.0,0.0,0.0,0.785,0.0,0.0,0.001,0.0,0.0,0.0,0.0,0.0,0.0,0.0,0.0,0.0,0.004,0.0,0.0,0.0,0.0,0.0,0.0,0.0,0.0,0.0,0.0,0.0,0.0,0.0,0.0
108,/media/olly/Red_SSD/Sample_Imgs_For_Natty/images/rat/0F535690-294A-4CF0-80DB-AC5B6EEB84D4.JPG,03/04/2020 10:33:37,10:33:37,Rat,0.986,rat,Rat,0.986,Mouse,0.003,Possum,0.0,"[0.7768, 0.3539, 1.0, 0.7487]",0.875,0.456,0.125,0.192,0.824,0.0,0.0,0.0,0.0,0.0,0.0,0.0,0.0,0.0,0.0,0.0,0.0,0.0,0.0,0.0,0.0,0.0,0.0,0.0,0.0,0.0,0.0,0.0,0.0,0.0,0.0,0.0,0.0,0.0,0.0,0.0,0.0,0.0,0.0,0.0,0.0,0.0,0.0,0.0,0.003,0.0,0.0,0.0,0.0,0.0,0.0,0.0,0.0,0.0,0.0,0.0,0.0,0.0,0.986,0.0,0.0,0.0,0.0,0.0,0.0,0.0,0.0,0.0,0.0,0.0,0.0,0.0,0.0,0.0,0.0,0.0,0.0,0.0,0.0,0.0,0.0,0.0,0.0,0.0,0.0,0.0
109,/media/olly/Red_SSD/Sample_Imgs_For_Natty/images/rat/0FA89328-7EEC-454E-A15B-3FF1F8F5B2A7.JPG,08/11/2022 00:52:24,00:52:24,Rat,0.705,rat,Rat,0.705,Mouse,0.123,Possum,0.019,"[0.4234, 0.2414, 0.6466, 0.6403]",0.496,0.401,0.078,0.08,0.26,0.0,0.0,0.0,0.0,0.0,0.0,0.001,0.0,0.0,0.007,0.0,0.0,0.0,0.0,0.001,0.0,0.0,0.0,0.0,0.004,0.0,0.0,0.0,0.0,0.001,0.0,0.006,0.0,0.0,0.0,0.0,0.0,0.0,0.002,0.0,0.0,0.0,0.0,0.0,0.123,0.0,0.0,0.0,0.0,0.0,0.0,0.0,0.0,0.0,0.019,0.0,0.0,0.001,0.705,0.0,0.0,0.002,0.0,0.0,0.0,0.0,0.0,0.0,0.0,0.0,0.0,0.009,0.0,0.0,0.0,0.001,0.0,0.0,0.0,0.0,0.001,0.0,0.0,0.0,0.0,0.0
110,/media/olly/Red_SSD/Sample_Imgs_For_Natty/images/rat/1AF5517F-6E33-4AA2-91AD-48D6337C25A4.JPG,10/11/2022 23:17:27,23:17:27,Rat,0.985,rat,Rat,0.985,Mouse,0.005,Possum,0.0,"[0.1178, 0.2561, 0.4916, 0.9243]",0.118,0.403,0.374,0.376,0.845,0.0,0.0,0.0,0.0,0.0,0.0,0.0,0.0,0.0,0.0,0.0,0.0,0.0,0.0,0.0,0.0,0.0,0.0,0.0,0.0,0.0,0.0,0.0,0.0,0.0,0.0,0.0,0.0,0.0,0.0,0.0,0.0,0.0,0.0,0.0,0.0,0.0,0.0,0.0,0.005,0.0,0.0,0.0,0.0,0.0,0.0,0.0,0.0,0.0,0.0,0.0,0.0,0.0,0.985,0.0,0.0,0.0,0.0,0.0,0.0,0.0,0.0,0.0,0.0,0.0,0.0,0.0,0.0,0.0,0.0,0.0,0.0,0.0,0.0,0.0,0.0,0.0,0.0,0.0,0.0,0.0
111,/media/olly/Red_SSD/Sample_Imgs_For_Natty/images/rat/1BB19103-4CA0-4C09-A332-93289623CDB9.JPG,12/11/2022 01:44:03,01:44:03,Rat,0.976,rat,Rat,0.976,Mouse,0.007,Possum,0.0,"[0.4725, 0.3125, 0.6957, 0.7114]",0.481,0.338,0.206,0.35,0.911,0.0,0.0,0.0,0.0,0.0,0.0,0.0,0.0,0.0,0.0,0.0,0.0,0.0,0.0,0.0,0.0,0.0,0.0,0.0,0.0,0.0,0.0,0.0,0.0,0.0,0.0,0.0,0.0,0.0,0.0,0.0,0.0,0.0,0.0,0.0,0.0,0.0,0.0,0.0,0.007,0.0,0.0,0.0,0.0,0.0,0.0,0.0,0.0,0.0,0.0,0.0,0.0,0.0,0.976,0.0,0.0,0.0,0.0,0.0,0.0,0.0,0.0,0.0,0.0,0.0,0.0,0.0,0.0,0.0,0.0,0.0,0.0,0.0,0.0,0.0,0.0,0.0,0.0,0.0,0.0,0.0
112,/media/olly/Red_SSD/Sample_Imgs_For_Natty/images/rat/0E3E9F85-9A7A-4C4E-9F63-014EDB0BDC20.JPG,12/11/2022 03:22:46,03:22:46,Rat,0.99,rat,Rat,0.99,Mouse,0.002,Hedgehog,0.001,"[0.2577, 0.6005, 0.4812, 1.0]",0.258,0.686,0.224,0.284,0.799,0.0,0.0,0.0,0.0,0.0,0.0,0.0,0.0,0.0,0.0,0.0,0.0,0.0,0.0,0.0,0.0,0.0,0.0,0.0,0.0,0.0,0.0,0.0,0.0,0.0,0.0,0.001,0.0,0.0,0.0,0.0,0.0,0.0,0.0,0.0,0.0,0.0,0.0,0.0,0.002,0.0,0.0,0.0,0.0,0.0,0.0,0.0,0.0,0.0,0.001,0.0,0.0,0.0,0.99,0.0,0.0,0.0,0.0,0.0,0.0,0.0,0.0,0.0,0.0,0.0,0.0,0.0,0.0,0.0,0.0,0.0,0.0,0.0,0.0,0.0,0.0,0.0,0.0,0.0,0.0,0.0
113,/media/olly/Red_SSD/Sample_Imgs_For_Natty/images/rat/0DDF5775-0B14-4940-B72B-00613AD8D806.JPG,13/11/2022 04:23:50,04:23:50,Rat,0.912,rat,Rat,0.912,Mouse,0.04,Possum,0.001,"[0.1531, 0.044, 0.4483, 0.5717]",0.153,0.255,0.295,0.106,0.698,0.0,0.0,0.0,0.0,0.0,0.0,0.0,0.0,0.0,0.0,0.0,0.0,0.0,0.0,0.0,0.0,0.0,0.0,0.0,0.0,0.0,0.0,0.0,0.0,0.0,0.0,0.001,0.0,0.0,0.0,0.0,0.0,0.0,0.0,0.0,0.0,0.0,0.0,0.0,0.04,0.0,0.0,0.0,0.0,0.0,0.0,0.0,0.0,0.0,0.001,0.0,0.0,0.0,0.912,0.0,0.0,0.0,0.0,0.0,0.0,0.0,0.0,0.0,0.0,0.0,0.0,0.0,0.0,0.0,0.0,0.0,0.0,0.0,0.0,0.0,0.0,0.0,0.0,0.0,0.0,0.0
114,/media/olly/Red_SSD/Sample_Imgs_For_Natty/images/rat/0A392FB5-0798-4783-90AC-CDB704A60A21.JPG,18/11/2022 02:43:17,02:43:17,Rat,0.94,rat,Rat,0.94,Mouse,0.018,Possum,0.002,"[0.4274, 0.2981, 0.7236, 0.8272]",0.428,0.42,0.296,0.286,0.843,0.0,0.0,0.0,0.0,0.0,0.0,0.0,0.0,0.0,0.0,0.0,0.0,0.0,0.0,0.0,0.0,0.0,0.0,0.0,0.0,0.0,0.0,0.0,0.0,0.0,0.0,0.001,0.0,0.0,0.0,0.0,0.0,0.0,0.0,0.0,0.0,0.0,0.0,0.0,0.018,0.0,0.0,0.0,0.0,0.0,0.0,0.0,0.0,0.0,0.002,0.0,0.0,0.0,0.94,0.0,0.0,0.0,0.0,0.0,0.0,0.0,0.0,0.0,0.0,0.0,0.0,0.001,0.0,0.0,0.0,0.0,0.0,0.0,0.0,0.0,0.0,0.0,0.0,0.0,0.0,0.0
115,/media/olly/Red_SSD/Sample_Imgs_For_Natty/images/rat/0B3D5CDB-D69D-4945-9C67-ACB31C7D0616.JPG,18/11/2022 03:08:06,03:08:06,Rat,0.971,rat,Rat,0.971,Mouse,0.008,Possum,0.0,"[0.635, 0.1888, 0.8697, 0.6084]",0.635,0.32,0.235,0.157,0.728,0.0,0.0,0.0,0.0,0.0,0.0,0.0,0.0,0.0,0.0,0.0,0.0,0.0,0.0,0.0,0.0,0.0,0.0,0.0,0.0,0.0,0.0,0.0,0.0,0.0,0.0,0.0,0.0,0.0,0.0,0.0,0.0,0.0,0.0,0.0,0.0,0.0,0.0,0.0,0.008,0.0,0.0,0.0,0.0,0.0,0.0,0.0,0.0,0.0,0.0,0.0,0.0,0.0,0.971,0.0,0.0,0.0,0.0,0.0,0.0,0.0,0.0,0.0,0.0,0.0,0.0,0.0,0.0,0.0,0.0,0.0,0.0,0.0,0.0,0.0,0.0,0.0,0.0,0.0,0.0,0.0
116,/media/olly/Red_SSD/Sample_Imgs_For_Natty/images/rat/0A4ED0FF-84DA-4068-B29F-5E1CE60FBE28.JPG,18/11/2022 21:42:53,21:42:53,Rat,0.839,rat,Rat,0.839,Mouse,0.054,Possum,0.018,"[0.7768, 0.2094, 1.0, 0.6084]",0.828,0.34,0.172,0.139,0.866,0.0,0.0,0.0,0.0,0.0,0.0,0.001,0.0,0.0,0.003,0.0,0.0,0.0,0.0,0.001,0.0,0.0,0.0,0.0,0.004,0.0,0.0,0.0,0.0,0.001,0.0,0.009,0.0,0.0,0.0,0.0,0.0,0.0,0.001,0.0,0.0,0.0,0.0,0.0,0.054,0.0,0.0,0.0,0.0,0.0,0.0,0.0,0.0,0.0,0.018,0.0,0.0,0.002,0.839,0.0,0.0,0.001,0.0,0.0,0.0,0.0,0.0,0.0,0.0,0.0,0.0,0.003,0.0,0.0,0.0,0.0,0.0,0.0,0.0,0.002,0.0,0.0,0.0,0.0,0.0,0.0
117,/media/olly/Red_SSD/Sample_Imgs_For_Natty/images/rat/0BCCCC2A-A074-4BE1-85D1-929361D32A2A.JPG,26/11/2022 21:06:09,21:06:09,Mouse,0.567,rat,Mouse,0.567,Rat,0.195,Rifleman,0.039,"[0.7299, 0.2686, 0.9531, 0.6676]",0.8,0.416,0.082,0.105,0.787,0.0,0.0,0.011,0.0,0.0,0.0,0.011,0.0,0.0,0.008,0.001,0.0,0.007,0.0,0.006,0.0,0.007,0.005,0.0,0.005,0.019,0.0,0.0,0.0,0.002,0.0,0.021,0.0,0.011,0.0,0.001,0.005,0.0,0.017,0.0,0.0,0.0,0.0,0.001,0.567,0.0,0.0,0.0,0.0,0.001,0.0,0.0,0.002,0.0,0.022,0.0,0.004,0.004,0.195,0.0,0.039,0.01,0.0,0.0,0.008,0.0,0.006,0.0,0.0,0.0,0.0,0.029,0.0,0.0,0.0,0.005,0.0,0.024,0.0,0.001,0.012,0.004,0.0,0.0,0.0,0.0
118,/media/olly/Red_SSD/Sample_Imgs_For_Natty/images/rat/0F53BFCF-01A7-4EB8-B2E3-81BED7203FAC.JPG,26/11/2022 22:42:08,22:42:08,Rat,0.662,rat,Rat,0.662,Mouse,0.147,Hedgehog,0.013,"[0.3824, 0.1749, 0.6057, 0.5738]",0.459,0.309,0.07,0.132,0.76,0.0,0.0,0.0,0.0,0.0,0.0,0.002,0.0,0.0,0.002,0.0,0.0,0.0,0.0,0.0,0.0,0.002,0.0,0.0,0.0,0.0,0.0,0.0,0.0,0.001,0.0,0.013,0.0,0.0,0.0,0.0,0.0,0.0,0.002,0.0,0.0,0.0,0.0,0.0,0.147,0.0,0.0,0.0,0.0,0.0,0.0,0.0,0.0,0.0,0.004,0.0,0.0,0.001,0.662,0.0,0.0,0.005,0.0,0.0,0.0,0.0,0.0,0.0,0.0,0.0,0.0,0.005,0.0,0.0,0.0,0.004,0.0,0.001,0.0,0.0,0.001,0.0,0.0,0.0,0.0,0.0
119,/media/olly/Red_SSD/Sample_Imgs_For_Natty/images/rat/1B0F18E6-508A-4266-A3E1-D1F49F254839.JPG,27/11/2022 02:46:27,02:46:27,Rat,0.893,rat,Rat,0.893,Mouse,0.03,Possum,0.007,"[0.4089, 0.6011, 0.6321, 1.0]",0.469,0.732,0.103,0.238,0.851,0.0,0.0,0.0,0.0,0.0,0.0,0.0,0.0,0.0,0.002,0.0,0.0,0.0,0.0,0.0,0.0,0.0,0.0,0.0,0.001,0.0,0.0,0.0,0.0,0.0,0.0,0.001,0.0,0.0,0.0,0.0,0.0,0.0,0.0,0.0,0.0,0.0,0.0,0.0,0.03,0.0,0.0,0.0,0.0,0.0,0.0,0.0,0.0,0.0,0.007,0.0,0.0,0.0,0.893,0.0,0.0,0.001,0.0,0.0,0.0,0.0,0.0,0.0,0.0,0.0,0.0,0.003,0.0,0.0,0.0,0.0,0.0,0.0,0.0,0.001,0.0,0.0,0.0,0.0,0.0,0.0
120,/media/olly/Red_SSD/Sample_Imgs_For_Natty/images/rat/0D4B0EAA-E905-48F2-8FD8-6E7486423DB5.JPG,27/11/2022 21:48:18,21:48:18,Rat,0.828,rat,Rat,0.828,Mouse,0.08,Dunnock,0.014,"[0.3356, 0.4275, 0.5588, 0.8265]",0.349,0.528,0.196,0.199,0.84,0.0,0.0,0.001,0.0,0.0,0.0,0.004,0.0,0.0,0.002,0.0,0.0,0.0,0.0,0.0,0.0,0.014,0.0,0.0,0.0,0.002,0.0,0.0,0.0,0.0,0.0,0.003,0.0,0.001,0.0,0.0,0.0,0.0,0.001,0.0,0.0,0.0,0.0,0.0,0.08,0.0,0.0,0.0,0.0,0.0,0.0,0.0,0.0,0.0,0.002,0.0,0.0,0.001,0.828,0.0,0.001,0.002,0.0,0.0,0.0,0.0,0.0,0.0,0.0,0.0,0.0,0.001,0.0,0.0,0.0,0.003,0.0,0.001,0.0,0.0,0.001,0.0,0.0,0.0,0.0,0.0
121,/media/olly/Red_SSD/Sample_Imgs_For_Natty/images/rat/0A1BB08D-C814-44A0-BF85-E01370457361.JPG,28/11/2022 01:41:01,01:41:01,Rat,0.561,rat,Rat,0.561,Mouse,0.201,Robin,0.034,"[0.5298, 0.3052, 0.753, 0.7041]",0.609,0.444,0.065,0.122,0.814,0.0,0.0,0.016,0.0,0.0,0.0,0.017,0.0,0.0,0.006,0.0,0.0,0.0,0.0,0.002,0.0,0.034,0.003,0.0,0.002,0.013,0.0,0.0,0.0,0.006,0.0,0.015,0.0,0.002,0.0,0.001,0.001,0.0,0.012,0.0,0.0,0.0,0.0,0.0,0.201,0.0,0.0,0.0,0.0,0.002,0.0,0.0,0.001,0.0,0.008,0.0,0.002,0.007,0.561,0.0,0.018,0.034,0.0,0.0,0.0,0.0,0.001,0.0,0.0,0.0,0.0,0.019,0.0,0.0,0.0,0.021,0.0,0.016,0.0,0.0,0.014,0.0,0.0,0.0,0.0,0.0
122,/media/olly/Red_SSD/Sample_Imgs_For_Natty/images/rat/00E0A3C1-1D8D-4898-9B73-15088E76334B.JPG,02/12/2022 02:50:01,02:50:01,Rat,0.912,rat,Rat,0.912,Mouse,0.032,Dunnock,0.002,"[0.0177, 0.2751, 0.3217, 0.8127]",0.018,0.461,0.304,0.166,0.881,0.0,0.0,0.0,0.0,0.0,0.0,0.0,0.0,0.0,0.0,0.0,0.0,0.0,0.0,0.0,0.0,0.002,0.0,0.0,0.0,0.0,0.0,0.0,0.0,0.0,0.0,0.002,0.0,0.0,0.0,0.0,0.0,0.0,0.0,0.0,0.0,0.0,0.0,0.0,0.032,0.0,0.0,0.0,0.0,0.0,0.0,0.0,0.0,0.0,0.001,0.0,0.0,0.0,0.912,0.0,0.0,0.0,0.0,0.0,0.0,0.0,0.0,0.0,0.0,0.0,0.0,0.001,0.0,0.0,0.0,0.001,0.0,0.0,0.0,0.0,0.0,0.0,0.0,0.0,0.0,0.0
123,/media/olly/Red_SSD/Sample_Imgs_For_Natty/images/rat/0D7B5D31-71A5-49D9-B0DC-CF19A6ED4291.JPG,02/12/2022 04:42:55,04:42:55,Rat,0.83,rat,Rat,0.83,Mouse,0.071,Hedgehog,0.006,"[0.5156, 0.3895, 0.7388, 0.7842]",0.591,0.522,0.072,0.132,0.399,0.0,0.0,0.0,0.0,0.0,0.0,0.0,0.0,0.0,0.001,0.0,0.0,0.0,0.0,0.0,0.0,0.0,0.0,0.0,0.001,0.0,0.0,0.0,0.0,0.0,0.0,0.006,0.0,0.0,0.0,0.0,0.0,0.0,0.0,0.0,0.0,0.0,0.0,0.0,0.071,0.0,0.0,0.0,0.0,0.0,0.0,0.0,0.0,0.0,0.002,0.0,0.0,0.0,0.83,0.0,0.0,0.001,0.0,0.0,0.0,0.0,0.0,0.0,0.0,0.0,0.0,0.005,0.0,0.0,0.0,0.0,0.0,0.0,0.0,0.0,0.001,0.0,0.0,0.0,0.0,0.0
124,/media/olly/Red_SSD/Sample_Imgs_For_Natty/images/rat/001ADE00-730B-4608-8510-5F3D33A8C15E.JPG,03/12/2022 22:29:28,22:29:28,Rat,0.967,rat,Rat,0.967,Mouse,0.012,Hedgehog,0.001,"[0.1515, 0.2618, 0.4477, 0.7853]",0.152,0.444,0.296,0.159,0.768,0.0,0.0,0.0,0.0,0.0,0.0,0.0,0.0,0.0,0.0,0.0,0.0,0.0,0.0,0.0,0.0,0.0,0.0,0.0,0.0,0.0,0.0,0.0,0.0,0.0,0.0,0.001,0.0,0.0,0.0,0.0,0.0,0.0,0.0,0.0,0.0,0.0,0.0,0.0,0.012,0.0,0.0,0.0,0.0,0.0,0.0,0.0,0.0,0.0,0.001,0.0,0.0,0.0,0.967,0.0,0.0,0.0,0.0,0.0,0.0,0.0,0.0,0.0,0.0,0.0,0.0,0.0,0.0,0.0,0.0,0.0,0.0,0.0,0.0,0.0,0.0,0.0,0.0,0.0,0.0,0.0
125,/media/olly/Red_SSD/Sample_Imgs_For_Natty/images/rat/1B13205F-EC64-4121-8AE2-56A79D5E0B57.JPG,06/12/2022 23:27:24,23:27:24,Rat,0.726,rat,Rat,0.726,Mouse,0.13,Hedgehog,0.012,"[0.6998, 0.0585, 0.923, 0.4574]",0.784,0.186,0.055,0.144,0.614,0.0,0.0,0.001,0.0,0.0,0.0,0.002,0.0,0.0,0.001,0.0,0.0,0.0,0.0,0.001,0.0,0.002,0.0,0.0,0.001,0.0,0.0,0.0,0.0,0.001,0.0,0.012,0.0,0.001,0.0,0.0,0.0,0.0,0.011,0.0,0.0,0.0,0.0,0.0,0.13,0.0,0.0,0.0,0.0,0.0,0.0,0.0,0.0,0.0,0.006,0.0,0.0,0.001,0.726,0.0,0.0,0.004,0.0,0.0,0.0,0.0,0.0,0.0,0.0,0.0,0.0,0.004,0.0,0.0,0.0,0.003,0.0,0.001,0.0,0.0,0.002,0.0,0.0,0.0,0.0,0.0
126,/media/olly/Red_SSD/Sample_Imgs_For_Natty/images/rat/0DC5DB70-FE25-4511-8336-EBB2F28380FD.JPG,10/12/2022 03:16:34,03:16:34,unknown,0.377,rat,unknown,0.377,unknown,0.371,unknown,0.04,"[0.5632, 0.244, 0.7865, 0.643]",0.644,0.374,0.062,0.14,0.663,0.0,0.0,0.016,0.0,0.0,0.0,0.014,0.0,0.0,0.004,0.0,0.0,0.001,0.0,0.003,0.0,0.016,0.012,0.0,0.002,0.016,0.0,0.0,0.0,0.002,0.0,0.019,0.0,0.012,0.0,0.001,0.002,0.0,0.012,0.0,0.0,0.0,0.0,0.0,0.371,0.001,0.0,0.0,0.0,0.0,0.0,0.0,0.001,0.0,0.014,0.0,0.001,0.003,0.377,0.0,0.034,0.026,0.0,0.0,0.001,0.0,0.001,0.0,0.0,0.0,0.0,0.04,0.0,0.0,0.0,0.013,0.0,0.014,0.0,0.0,0.014,0.002,0.0,0.0,0.0,0.0
127,/media/olly/Red_SSD/Sample_Imgs_For_Natty/images/rat/0B727A65-8505-485C-8044-C7B5D10927A9.JPG,29/12/2022 01:49:00,01:49:00,Rat,0.823,rat,Rat,0.823,Mouse,0.066,Hedgehog,0.009,"[0.5376, 0.3637, 0.7608, 0.7626]",0.576,0.465,0.146,0.196,0.515,0.0,0.0,0.0,0.0,0.0,0.0,0.001,0.0,0.0,0.003,0.0,0.0,0.0,0.0,0.0,0.0,0.0,0.0,0.0,0.003,0.0,0.0,0.0,0.0,0.002,0.0,0.009,0.0,0.0,0.0,0.0,0.0,0.0,0.001,0.0,0.0,0.0,0.0,0.0,0.066,0.0,0.0,0.0,0.0,0.0,0.0,0.0,0.0,0.0,0.009,0.0,0.0,0.001,0.823,0.0,0.0,0.001,0.0,0.0,0.0,0.0,0.0,0.0,0.0,0.0,0.0,0.007,0.0,0.0,0.0,0.001,0.0,0.0,0.0,0.0,0.001,0.0,0.0,0.0,0.0,0.0
128,/media/olly/Red_SSD/Sample_Imgs_For_Natty/images/rat/0EB68631-40E2-432C-8EFC-14DB337BEB50.JPG,02/02/2023 00:44:34,00:44:34,Rat,0.982,rat,Rat,0.982,Mouse,0.004,Hedgehog,0.0,"[0.3642, 0.2247, 0.5874, 0.6237]",0.399,0.304,0.154,0.241,0.875,0.0,0.0,0.0,0.0,0.0,0.0,0.0,0.0,0.0,0.0,0.0,0.0,0.0,0.0,0.0,0.0,0.0,0.0,0.0,0.0,0.0,0.0,0.0,0.0,0.0,0.0,0.0,0.0,0.0,0.0,0.0,0.0,0.0,0.0,0.0,0.0,0.0,0.0,0.0,0.004,0.0,0.0,0.0,0.0,0.0,0.0,0.0,0.0,0.0,0.0,0.0,0.0,0.0,0.982,0.0,0.0,0.0,0.0,0.0,0.0,0.0,0.0,0.0,0.0,0.0,0.0,0.0,0.0,0.0,0.0,0.0,0.0,0.0,0.0,0.0,0.0,0.0,0.0,0.0,0.0,0.0
129,/media/olly/Red_SSD/Sample_Imgs_For_Natty/images/rifleman/5C4E3004-D459-4DCC-9CE6-853F96997B31.JPG,21/12/2022 16:49:42,16:49:42,Rifleman,0.997,rifleman,Rifleman,0.997,Tomtit,0.001,Mouse,0.0,"[0.6864, 0.2447, 0.9096, 0.6436]",0.764,0.413,0.069,0.063,0.245,0.0,0.0,0.0,0.0,0.0,0.0,0.0,0.0,0.0,0.0,0.0,0.0,0.0,0.0,0.0,0.0,0.0,0.0,0.0,0.0,0.0,0.0,0.0,0.0,0.0,0.0,0.0,0.0,0.0,0.0,0.0,0.0,0.0,0.0,0.0,0.0,0.0,0.0,0.0,0.0,0.0,0.0,0.0,0.0,0.0,0.0,0.0,0.0,0.0,0.0,0.0,0.0,0.0,0.0,0.0,0.997,0.0,0.0,0.0,0.0,0.0,0.0,0.0,0.0,0.0,0.0,0.0,0.0,0.0,0.0,0.0,0.0,0.001,0.0,0.0,0.0,0.0,0.0,0.0,0.0,0.0
130,/media/olly/Red_SSD/Sample_Imgs_For_Natty/images/rifleman/3B6CCF7B-F0EB-47E4-91A0-E70852F5D14F.JPG,21/12/2022 16:49:45,16:49:42,Rifleman,0.997,rifleman,Rifleman,0.969,Tomtit,0.005,Mouse,0.004,"[0.6667, 0.3936, 0.8899, 0.7926]",0.744,0.55,0.069,0.088,0.522,0.0,0.0,0.003,0.0,0.0,0.0,0.001,0.0,0.0,0.0,0.0,0.0,0.0,0.0,0.001,0.0,0.001,0.0,0.0,0.0,0.003,0.0,0.0,0.0,0.0,0.0,0.0,0.0,0.001,0.0,0.0,0.0,0.0,0.0,0.0,0.0,0.0,0.0,0.0,0.004,0.0,0.0,0.0,0.0,0.0,0.0,0.0,0.0,0.0,0.0,0.0,0.0,0.0,0.0,0.0,0.969,0.003,0.0,0.0,0.0,0.0,0.002,0.0,0.0,0.0,0.0,0.001,0.0,0.0,0.0,0.0,0.0,0.005,0.0,0.0,0.0,0.0,0.0,0.0,0.0,0.0
131,/media/olly/Red_SSD/Sample_Imgs_For_Natty/images/rifleman/55DAD7F7-97C3-4AE9-A212-1766FFBA612A.JPG,21/12/2022 16:49:47,16:49:42,Rifleman,0.997,rifleman,Rifleman,0.951,Tomtit,0.011,Bellbird,0.01,"[0.7768, 0.3584, 1.0, 0.7573]",0.91,0.489,0.09,0.139,0.175,0.0,0.0,0.01,0.0,0.0,0.0,0.001,0.0,0.0,0.0,0.0,0.0,0.0,0.0,0.0,0.0,0.001,0.0,0.0,0.0,0.004,0.0,0.0,0.0,0.0,0.0,0.0,0.0,0.0,0.0,0.0,0.0,0.0,0.0,0.0,0.0,0.0,0.0,0.0,0.005,0.0,0.0,0.0,0.0,0.0,0.0,0.0,0.0,0.0,0.0,0.0,0.0,0.0,0.0,0.0,0.951,0.002,0.0,0.0,0.0,0.0,0.002,0.0,0.0,0.0,0.0,0.001,0.0,0.0,0.0,0.001,0.0,0.011,0.0,0.0,0.0,0.0,0.0,0.0,0.0,0.0
132,/media/olly/Red_SSD/Sample_Imgs_For_Natty/images/rifleman/010C4C67-420C-4177-A0E5-C53779D24CFE.JPG,11/01/2023 14:26:27,14:26:27,Rifleman,0.975,rifleman,Rifleman,0.923,Finch,0.017,Bellbird,0.014,"[0.5253, 0.3923, 0.7485, 0.7912]",0.614,0.554,0.046,0.076,0.698,0.0,0.0,0.014,0.0,0.0,0.0,0.001,0.0,0.0,0.0,0.0,0.0,0.0,0.0,0.0,0.0,0.003,0.0,0.0,0.0,0.017,0.0,0.0,0.0,0.0,0.0,0.0,0.0,0.0,0.0,0.0,0.0,0.0,0.0,0.0,0.0,0.0,0.0,0.0,0.004,0.0,0.0,0.0,0.0,0.0,0.0,0.0,0.0,0.0,0.0,0.0,0.0,0.0,0.0,0.0,0.923,0.002,0.0,0.0,0.0,0.0,0.012,0.0,0.0,0.0,0.0,0.001,0.0,0.0,0.0,0.001,0.0,0.006,0.0,0.0,0.0,0.0,0.0,0.0,0.0,0.0
133,/media/olly/Red_SSD/Sample_Imgs_For_Natty/images/rifleman/59F3B72C-FC8C-45AC-9664-2ECDE488DC70.JPG,11/01/2023 14:26:29,14:26:27,Rifleman,0.975,rifleman,Rifleman,0.928,Finch,0.019,Mouse,0.01,"[0.4948, 0.4588, 0.718, 0.8577]",0.576,0.617,0.061,0.084,0.674,0.0,0.0,0.009,0.0,0.0,0.0,0.002,0.0,0.0,0.001,0.0,0.0,0.0,0.0,0.0,0.0,0.003,0.001,0.0,0.0,0.019,0.0,0.0,0.0,0.0,0.0,0.0,0.0,0.0,0.0,0.0,0.0,0.0,0.0,0.0,0.0,0.0,0.0,0.0,0.01,0.0,0.0,0.0,0.0,0.0,0.0,0.0,0.0,0.001,0.0,0.0,0.0,0.0,0.0,0.001,0.928,0.002,0.0,0.0,0.0,0.0,0.004,0.0,0.0,0.0,0.0,0.001,0.0,0.0,0.0,0.001,0.0,0.006,0.0,0.0,0.0,0.0,0.0,0.0,0.0,0.0
134,/media/olly/Red_SSD/Sample_Imgs_For_Natty/images/rifleman/B2A61D92-5DBE-43D6-8DE2-0607B75D5B44.JPG,11/01/2023 14:26:31,14:26:27,Rifleman,0.975,rifleman,Rifleman,0.975,Tomtit,0.004,Finch,0.003,"[0.5554, 0.514, 0.7786, 0.9129]",0.645,0.664,0.044,0.1,0.808,0.0,0.0,0.002,0.0,0.0,0.0,0.001,0.0,0.0,0.0,0.0,0.0,0.0,0.0,0.0,0.0,0.001,0.001,0.0,0.0,0.003,0.0,0.0,0.0,0.0,0.0,0.0,0.0,0.0,0.0,0.0,0.0,0.0,0.0,0.0,0.0,0.0,0.0,0.0,0.001,0.0,0.0,0.0,0.0,0.0,0.0,0.0,0.0,0.0,0.0,0.0,0.0,0.0,0.0,0.0,0.975,0.001,0.0,0.0,0.0,0.0,0.001,0.0,0.0,0.0,0.0,0.0,0.0,0.0,0.0,0.0,0.0,0.004,0.0,0.0,0.0,0.0,0.0,0.0,0.0,0.0
135,/media/olly/Red_SSD/Sample_Imgs_For_Natty/images/robin/6B31F2EE-B25D-449B-8665-D5A0CC30F8AE.JPG,26/11/2022 09:41:10,09:41:10,Robin,0.88,robin,Robin,0.88,Tomtit,0.031,Blackbird,0.01,"[0.6164, 0.0598, 0.8397, 0.4588]",0.668,0.157,0.121,0.205,0.952,0.0,0.0,0.003,0.0,0.0,0.0,0.01,0.0,0.0,0.001,0.0,0.0,0.001,0.0,0.002,0.001,0.0,0.002,0.0,0.0,0.001,0.0,0.0,0.0,0.003,0.0,0.001,0.0,0.0,0.0,0.0,0.0,0.007,0.0,0.0,0.0,0.0,0.0,0.0,0.008,0.0,0.0,0.0,0.0,0.0,0.0,0.0,0.0,0.0,0.0,0.0,0.0,0.0,0.002,0.0,0.003,0.88,0.0,0.0,0.0,0.0,0.001,0.0,0.0,0.0,0.0,0.001,0.0,0.0,0.0,0.002,0.0,0.031,0.0,0.0,0.0,0.001,0.0,0.0,0.0,0.0
136,/media/olly/Red_SSD/Sample_Imgs_For_Natty/images/robin/4A840405-4498-46E6-9EE3-F2CFA75D70F8.JPG,26/11/2022 09:41:14,09:41:10,Robin,0.88,robin,unknown,0.344,unknown,0.316,unknown,0.15,"[0.452, 0.2081, 0.6752, 0.607]",0.511,0.261,0.106,0.295,0.86,0.0,0.0,0.077,0.0,0.0,0.0,0.033,0.006,0.0,0.0,0.0,0.0,0.0,0.0,0.0,0.0,0.03,0.081,0.001,0.0,0.033,0.0,0.0,0.007,0.001,0.0,0.0,0.0,0.002,0.0,0.0,0.003,0.025,0.0,0.0,0.001,0.0,0.0,0.0,0.014,0.0,0.0,0.0,0.0,0.003,0.0,0.0,0.0,0.015,0.0,0.0,0.0,0.0,0.0,0.002,0.316,0.344,0.0,0.0,0.0,0.0,0.022,0.003,0.0,0.0,0.0,0.001,0.0,0.0,0.0,0.041,0.0,0.15,0.001,0.0,0.0,0.002,0.0,0.0,0.0,0.002
137,/media/olly/Red_SSD/Sample_Imgs_For_Natty/images/robin/0B3A8C30-C086-4660-AC85-8FC97792EDC0.JPG,26/11/2022 09:42:04,09:42:04,Robin,0.774,robin,Robin,0.774,Tomtit,0.061,Blackbird,0.054,"[0.5562, 0.0612, 0.7794, 0.4601]",0.629,0.148,0.077,0.226,0.955,0.0,0.0,0.014,0.0,0.0,0.0,0.054,0.0,0.0,0.003,0.0,0.0,0.001,0.0,0.003,0.001,0.002,0.008,0.0,0.0,0.004,0.0,0.0,0.0,0.008,0.0,0.001,0.0,0.002,0.0,0.0,0.001,0.018,0.0,0.0,0.0,0.0,0.0,0.0,0.018,0.0,0.0,0.0,0.0,0.001,0.0,0.0,0.0,0.001,0.001,0.0,0.001,0.001,0.004,0.0,0.007,0.774,0.0,0.0,0.0,0.0,0.005,0.0,0.0,0.0,0.0,0.003,0.0,0.0,0.0,0.016,0.0,0.061,0.002,0.001,0.0,0.002,0.0,0.0,0.0,0.0
138,/media/olly/Red_SSD/Sample_Imgs_For_Natty/images/robin/3CFC5AA2-28D0-4680-BDE6-D3BD7291A9EF.JPG,26/11/2022 09:42:07,09:42:04,Robin,0.774,robin,Robin,0.583,Blackbird,0.239,Thrush,0.091,"[0.0, 0.1124, 0.2232, 0.5113]",0.001,0.221,0.087,0.182,0.943,0.0,0.0,0.029,0.0,0.0,0.0,0.239,0.0,0.0,0.001,0.0,0.0,0.001,0.0,0.002,0.0,0.008,0.013,0.0,0.0,0.01,0.0,0.0,0.0,0.004,0.0,0.001,0.0,0.003,0.002,0.0,0.002,0.018,0.0,0.0,0.0,0.001,0.0,0.001,0.024,0.001,0.0,0.0,0.0,0.008,0.0,0.0,0.0,0.002,0.0,0.0,0.003,0.001,0.003,0.0,0.016,0.583,0.0,0.0,0.002,0.0,0.008,0.0,0.0,0.0,0.0,0.004,0.0,0.0,0.0,0.091,0.0,0.058,0.009,0.001,0.001,0.003,0.0,0.0,0.0,0.0
139,/media/olly/Red_SSD/Sample_Imgs_For_Natty/images/robin/1AB2DCED-A5EF-41CB-AE0C-B75039991323.JPG,26/11/2022 09:44:30,09:44:30,Robin,0.807,robin,Robin,0.807,Tomtit,0.059,Mouse,0.014,"[0.151, 0.2188, 0.3743, 0.6177]",0.221,0.33,0.083,0.177,0.841,0.0,0.0,0.002,0.0,0.0,0.0,0.009,0.0,0.0,0.002,0.0,0.0,0.0,0.0,0.002,0.0,0.0,0.002,0.0,0.0,0.002,0.0,0.0,0.0,0.002,0.0,0.0,0.0,0.001,0.0,0.0,0.001,0.005,0.0,0.0,0.0,0.0,0.0,0.0,0.014,0.0,0.0,0.0,0.0,0.0,0.0,0.0,0.0,0.0,0.001,0.0,0.0,0.0,0.004,0.0,0.012,0.807,0.0,0.0,0.0,0.0,0.002,0.0,0.0,0.0,0.0,0.006,0.0,0.0,0.0,0.001,0.0,0.059,0.0,0.0,0.0,0.001,0.0,0.0,0.0,0.0
140,/media/olly/Red_SSD/Sample_Imgs_For_Natty/images/robin/3D485A5E-3713-43FC-BE68-8A5C44E99896.JPG,26/11/2022 10:29:07,10:29:07,Robin,0.826,robin,Robin,0.826,Tomtit,0.045,Mouse,0.02,"[0.5949, 0.1622, 0.8181, 0.5612]",0.628,0.284,0.157,0.156,0.954,0.0,0.0,0.003,0.0,0.0,0.0,0.016,0.0,0.0,0.002,0.0,0.0,0.0,0.0,0.002,0.0,0.001,0.002,0.0,0.0,0.002,0.0,0.0,0.0,0.005,0.0,0.002,0.0,0.0,0.0,0.0,0.001,0.007,0.0,0.0,0.0,0.0,0.0,0.0,0.02,0.0,0.0,0.0,0.0,0.0,0.0,0.0,0.0,0.0,0.001,0.0,0.0,0.001,0.005,0.0,0.005,0.826,0.0,0.0,0.001,0.0,0.003,0.0,0.0,0.0,0.0,0.003,0.0,0.0,0.0,0.004,0.0,0.045,0.0,0.001,0.0,0.001,0.0,0.0,0.0,0.0
141,/media/olly/Red_SSD/Sample_Imgs_For_Natty/images/robin/1C153BDB-76B1-49A8-984A-1E19BF5F0BCD.JPG,26/11/2022 19:02:39,19:02:39,Robin,0.87,robin,Robin,0.87,Tomtit,0.037,Mouse,0.008,"[0.6403, 0.1755, 0.8635, 0.5745]",0.692,0.279,0.12,0.193,0.926,0.0,0.0,0.0,0.0,0.0,0.0,0.004,0.0,0.0,0.001,0.0,0.0,0.001,0.0,0.002,0.0,0.0,0.001,0.0,0.0,0.001,0.0,0.0,0.0,0.002,0.0,0.0,0.0,0.001,0.0,0.0,0.0,0.006,0.0,0.0,0.0,0.0,0.0,0.0,0.008,0.0,0.0,0.0,0.0,0.0,0.0,0.0,0.0,0.0,0.0,0.0,0.0,0.0,0.002,0.0,0.004,0.87,0.0,0.0,0.0,0.0,0.001,0.0,0.0,0.0,0.0,0.004,0.0,0.0,0.0,0.0,0.0,0.037,0.0,0.0,0.0,0.001,0.0,0.0,0.0,0.0
142,/media/olly/Red_SSD/Sample_Imgs_For_Natty/images/robin/5C768F29-CA73-4D17-8BB9-515C522BF71A.JPG,27/11/2022 09:33:41,09:33:41,Robin,0.963,robin,Robin,0.963,Tomtit,0.014,Mouse,0.002,"[0.3601, 0.3092, 0.5833, 0.7081]",0.417,0.45,0.109,0.118,0.631,0.0,0.0,0.0,0.0,0.0,0.0,0.001,0.0,0.0,0.0,0.0,0.0,0.0,0.0,0.0,0.0,0.0,0.0,0.0,0.0,0.0,0.0,0.0,0.0,0.0,0.0,0.0,0.0,0.0,0.0,0.0,0.0,0.0,0.0,0.0,0.0,0.0,0.0,0.0,0.002,0.0,0.0,0.0,0.0,0.0,0.0,0.0,0.0,0.0,0.0,0.0,0.0,0.0,0.0,0.0,0.001,0.963,0.0,0.0,0.0,0.0,0.0,0.0,0.0,0.0,0.0,0.0,0.0,0.0,0.0,0.0,0.0,0.014,0.0,0.0,0.0,0.0,0.0,0.0,0.0,0.0
143,/media/olly/Red_SSD/Sample_Imgs_For_Natty/images/robin/7F580FCF-6E40-4E35-80C6-2048B1BA6BB2.JPG,01/12/2022 11:52:00,11:52:00,Robin,0.845,robin,Robin,0.845,Tomtit,0.032,Blackbird,0.019,"[0.7615, 0.5685, 0.9847, 0.9674]",0.837,0.68,0.072,0.176,0.904,0.0,0.0,0.001,0.0,0.0,0.0,0.019,0.0,0.0,0.001,0.0,0.0,0.0,0.0,0.001,0.0,0.0,0.001,0.0,0.0,0.001,0.0,0.0,0.0,0.001,0.0,0.0,0.0,0.001,0.0,0.0,0.0,0.004,0.0,0.0,0.0,0.0,0.0,0.0,0.007,0.0,0.0,0.0,0.0,0.0,0.0,0.0,0.0,0.0,0.0,0.0,0.0,0.0,0.001,0.0,0.006,0.845,0.0,0.0,0.0,0.0,0.001,0.0,0.0,0.0,0.0,0.004,0.0,0.0,0.0,0.001,0.0,0.032,0.0,0.0,0.0,0.001,0.0,0.0,0.0,0.0
144,/media/olly/Red_SSD/Sample_Imgs_For_Natty/images/robin/83D448F9-C180-4DDC-8F71-26FD921EC7B5.JPG,03/12/2022 16:42:52,16:42:52,Robin,0.971,robin,Robin,0.971,Tomtit,0.006,Rifleman,0.003,"[0.4859, 0.3118, 0.7091, 0.7066]",0.581,0.451,0.033,0.117,0.774,0.0,0.0,0.0,0.0,0.0,0.0,0.0,0.0,0.0,0.0,0.0,0.0,0.0,0.0,0.0,0.0,0.0,0.0,0.0,0.0,0.0,0.0,0.0,0.0,0.0,0.0,0.0,0.0,0.0,0.0,0.0,0.0,0.0,0.0,0.0,0.0,0.0,0.0,0.0,0.002,0.0,0.0,0.0,0.0,0.0,0.0,0.0,0.0,0.0,0.0,0.0,0.0,0.0,0.0,0.0,0.003,0.971,0.0,0.0,0.0,0.0,0.0,0.0,0.0,0.0,0.0,0.0,0.0,0.0,0.0,0.0,0.0,0.006,0.0,0.0,0.0,0.0,0.0,0.0,0.0,0.0
145,/media/olly/Red_SSD/Sample_Imgs_For_Natty/images/robin/2C287CB9-34EE-4F17-9E95-1270F93402C4.JPG,03/12/2022 16:42:54,16:42:52,Robin,0.971,robin,Robin,0.854,Tomtit,0.033,Mouse,0.018,"[0.4866, 0.3072, 0.7098, 0.702]",0.579,0.443,0.039,0.125,0.863,0.0,0.0,0.002,0.0,0.0,0.0,0.004,0.0,0.0,0.001,0.0,0.0,0.0,0.0,0.002,0.0,0.0,0.001,0.0,0.0,0.0,0.0,0.0,0.0,0.001,0.0,0.0,0.0,0.001,0.0,0.0,0.001,0.003,0.0,0.0,0.0,0.0,0.0,0.0,0.018,0.0,0.0,0.0,0.0,0.0,0.0,0.0,0.0,0.0,0.0,0.0,0.0,0.0,0.001,0.0,0.014,0.854,0.0,0.0,0.0,0.0,0.001,0.0,0.0,0.0,0.0,0.001,0.0,0.0,0.0,0.001,0.0,0.033,0.0,0.0,0.0,0.0,0.0,0.0,0.0,0.0
146,/media/olly/Red_SSD/Sample_Imgs_For_Natty/images/robin/3FDF0794-D119-4B2E-9925-0214EBBC952A.JPG,23/12/2022 12:59:55,12:59:55,Robin,0.827,robin,Robin,0.827,Tomtit,0.048,Blackbird,0.018,"[0.6339, 0.1749, 0.8571, 0.5738]",0.673,0.268,0.145,0.213,0.934,0.0,0.0,0.004,0.0,0.0,0.0,0.018,0.0,0.0,0.004,0.0,0.0,0.0,0.0,0.002,0.002,0.0,0.003,0.0,0.0,0.001,0.0,0.0,0.0,0.002,0.0,0.001,0.0,0.001,0.001,0.0,0.001,0.01,0.0,0.0,0.0,0.0,0.0,0.0,0.008,0.0,0.0,0.0,0.0,0.0,0.0,0.0,0.0,0.0,0.001,0.0,0.0,0.0,0.002,0.0,0.007,0.827,0.0,0.0,0.0,0.0,0.001,0.0,0.0,0.0,0.0,0.002,0.0,0.0,0.0,0.002,0.0,0.048,0.001,0.0,0.0,0.003,0.0,0.0,0.0,0.0
147,/media/olly/Red_SSD/Sample_Imgs_For_Natty/images/silvereye/210c542d-e93c-4c07-bc84-b2fb3a781402.JPG,25/07/2020 15:42:02,15:42:02,Silvereye,0.996,silvereye,Silvereye,0.996,Mouse,0.001,Tomtit,0.001,"[0.6352, 0.3681, 0.7468, 0.5665]",0.664,0.447,0.053,0.041,0.067,0.0,0.0,0.0,0.0,0.0,0.0,0.0,0.0,0.0,0.0,0.0,0.0,0.0,0.0,0.0,0.0,0.0,0.0,0.0,0.0,0.0,0.0,0.0,0.0,0.0,0.0,0.0,0.0,0.0,0.0,0.0,0.0,0.0,0.0,0.0,0.0,0.0,0.0,0.0,0.001,0.0,0.0,0.0,0.0,0.0,0.0,0.0,0.0,0.0,0.0,0.0,0.0,0.0,0.0,0.0,0.0,0.0,0.0,0.0,0.0,0.0,0.996,0.0,0.0,0.0,0.0,0.0,0.0,0.0,0.0,0.0,0.0,0.001,0.0,0.0,0.0,0.0,0.0,0.0,0.0,0.0
148,/media/olly/Red_SSD/Sample_Imgs_For_Natty/images/silvereye/83b16b64-2f15-4b94-b5b3-104773826fc6.JPG,25/07/2020 15:42:02,15:42:02,Silvereye,0.996,silvereye,empty,0.0,empty,0.0,empty,0.0,"[0.0, 0.0, 1.0, 1.7751]",0.0,0.0,1.0,1.0,-1.0,0.0,0.0,0.017,0.0,0.0,0.0,0.025,0.0,0.0,0.013,0.007,0.0,0.047,0.0,0.104,0.026,0.008,0.003,0.0,0.0,0.005,0.0,0.022,0.0,0.003,0.003,0.0,0.003,0.685,0.0,0.0,0.015,0.004,0.001,0.0,0.0,0.007,0.0,0.0,0.013,0.0,0.0,0.0,0.002,0.002,0.0,0.0,0.02,0.002,0.002,0.005,0.001,0.002,0.001,0.0,0.007,0.011,0.0,0.005,0.022,0.0,0.003,0.0,0.0,0.0,0.0,0.014,0.0,0.001,0.001,0.01,0.0,0.043,0.001,0.001,0.002,0.008,0.0,0.0,0.001,0.0
149,/media/olly/Red_SSD/Sample_Imgs_For_Natty/images/silvereye/45a02d43-e4db-4212-9f5a-4b11d3b2f39c.JPG,28/07/2020 12:22:53,12:22:53,Silvereye,1.0,silvereye,Silvereye,1.0,Fiordland Crested Penguin,0.0,Goat,0.0,"[0.447, 0.4286, 0.5586, 0.627]",0.478,0.504,0.049,0.048,0.125,0.0,0.0,0.0,0.0,0.0,0.0,0.0,0.0,0.0,0.0,0.0,0.0,0.0,0.0,0.0,0.0,0.0,0.0,0.0,0.0,0.0,0.0,0.0,0.0,0.0,0.0,0.0,0.0,0.0,0.0,0.0,0.0,0.0,0.0,0.0,0.0,0.0,0.0,0.0,0.0,0.0,0.0,0.0,0.0,0.0,0.0,0.0,0.0,0.0,0.0,0.0,0.0,0.0,0.0,0.0,0.0,0.0,0.0,0.0,0.0,0.0,1.0,0.0,0.0,0.0,0.0,0.0,0.0,0.0,0.0,0.0,0.0,0.0,0.0,0.0,0.0,0.0,0.0,0.0,0.0,0.0
150,/media/olly/Red_SSD/Sample_Imgs_For_Natty/images/silvereye/4c186dd3-2650-4c13-b9ae-6b8201887f3a.JPG,28/07/2020 12:23:04,12:22:53,Silvereye,1.0,silvereye,empty,0.0,empty,0.0,empty,0.0,"[0.0, 0.0, 1.0, 1.7751]",0.0,0.0,1.0,1.0,-1.0,0.0,0.0,0.082,0.0,0.0,0.0,0.027,0.0,0.0,0.026,0.06,0.0,0.005,0.0,0.14,0.004,0.024,0.026,0.0,0.0,0.009,0.0,0.03,0.0,0.004,0.001,0.001,0.0,0.303,0.001,0.0,0.017,0.003,0.003,0.0,0.0,0.0,0.0,0.0,0.28,0.0,0.0,0.0,0.0,0.001,0.0,0.0,0.041,0.014,0.006,0.001,0.004,0.002,0.023,0.0,0.032,0.037,0.0,0.002,0.004,0.0,0.022,0.0,0.0,0.0,0.0,0.037,0.0,0.002,0.0,0.019,0.0,0.111,0.002,0.0,0.001,0.004,0.0,0.0,0.002,0.0
151,/media/olly/Red_SSD/Sample_Imgs_For_Natty/images/silvereye/0a69414d-be2c-4e8e-80cc-651fc5048f62.JPG,26/08/2020 09:14:10,09:14:10,Silvereye,0.99,silvereye,Silvereye,0.99,Robin,0.005,Tomtit,0.0,"[0.1629, 0.3912, 0.2746, 0.5896]",0.192,0.447,0.054,0.088,0.264,0.0,0.0,0.0,0.0,0.0,0.0,0.0,0.0,0.0,0.0,0.0,0.0,0.0,0.0,0.0,0.0,0.0,0.0,0.0,0.0,0.0,0.0,0.0,0.0,0.0,0.0,0.0,0.0,0.0,0.0,0.0,0.0,0.0,0.0,0.0,0.0,0.0,0.0,0.0,0.0,0.0,0.0,0.0,0.0,0.0,0.0,0.0,0.0,0.0,0.0,0.0,0.0,0.0,0.0,0.0,0.0,0.005,0.0,0.0,0.0,0.0,0.99,0.0,0.0,0.0,0.0,0.0,0.0,0.0,0.0,0.0,0.0,0.0,0.0,0.0,0.0,0.0,0.0,0.0,0.0,0.0
152,/media/olly/Red_SSD/Sample_Imgs_For_Natty/images/silvereye/8a0dec58-dbf3-40d2-a52d-285ec89ff670.JPG,26/08/2020 09:14:11,09:14:10,Silvereye,0.99,silvereye,unknown,0.4,unknown,0.23,unknown,0.075,"[0.1659, 0.3879, 0.2775, 0.5863]",0.193,0.443,0.057,0.089,0.476,0.0,0.0,0.009,0.0,0.0,0.0,0.004,0.025,0.0,0.007,0.004,0.0,0.005,0.0,0.027,0.007,0.001,0.023,0.0,0.0,0.007,0.0,0.002,0.0,0.007,0.0,0.001,0.0,0.003,0.0,0.0,0.002,0.024,0.001,0.0,0.0,0.0,0.0,0.0,0.022,0.0,0.0,0.0,0.0,0.001,0.0,0.0,0.001,0.0,0.013,0.0,0.0,0.002,0.006,0.0,0.01,0.4,0.0,0.0,0.001,0.0,0.23,0.0,0.0,0.0,0.0,0.024,0.0,0.002,0.0,0.0,0.0,0.075,0.0,0.007,0.002,0.001,0.0,0.0,0.0,0.0
153,/media/olly/Red_SSD/Sample_Imgs_For_Natty/images/silvereye/190edd98-d664-4e52-aad9-781775609916.JPG,26/08/2020 12:40:43,12:40:43,empty,0.0,silvereye,empty,0.0,empty,0.0,empty,0.0,"[0.0, 0.0, 1.0, 1.7751]",0.0,0.0,1.0,1.0,-1.0,0.0,0.0,0.158,0.0,0.0,0.0,0.111,0.001,0.0,0.024,0.046,0.0,0.01,0.0,0.074,0.003,0.137,0.038,0.004,0.001,0.083,0.0,0.006,0.0,0.005,0.003,0.001,0.0,0.208,0.009,0.001,0.143,0.051,0.003,0.0,0.014,0.004,0.0,0.006,0.042,0.0,0.001,0.0,0.001,0.053,0.0,0.001,0.019,0.08,0.007,0.001,0.006,0.005,0.004,0.004,0.09,0.095,0.002,0.009,0.006,0.0,0.054,0.004,0.0,0.002,0.0,0.036,0.0,0.002,0.0,0.215,0.001,0.087,0.023,0.004,0.004,0.034,0.0,0.0,0.005,0.038
154,/media/olly/Red_SSD/Sample_Imgs_For_Natty/images/silvereye/3d9eb2fb-9ba0-4c84-8a1c-54c63fba684c.JPG,26/08/2020 12:41:36,12:41:36,empty,0.0,silvereye,empty,0.0,empty,0.0,empty,0.0,"[0.0, 0.0, 1.0, 1.7751]",0.0,0.0,1.0,1.0,-1.0,0.0,0.0,0.094,0.0,0.0,0.0,0.081,0.001,0.0,0.028,0.057,0.0,0.009,0.0,0.157,0.005,0.252,0.042,0.002,0.001,0.036,0.0,0.008,0.0,0.012,0.003,0.002,0.0,0.225,0.007,0.001,0.132,0.029,0.003,0.0,0.005,0.001,0.0,0.002,0.036,0.0,0.0,0.0,0.001,0.008,0.0,0.001,0.018,0.07,0.004,0.001,0.005,0.014,0.004,0.003,0.065,0.101,0.0,0.005,0.006,0.0,0.042,0.008,0.0,0.002,0.0,0.057,0.0,0.004,0.001,0.163,0.0,0.093,0.011,0.003,0.003,0.055,0.0,0.0,0.002,0.024
155,/media/olly/Red_SSD/Sample_Imgs_For_Natty/images/silvereye/67caa0df-c05d-443c-843a-50fc16b627c4.JPG,26/08/2020 12:44:02,12:44:02,unknown,0.354,silvereye,unknown,0.354,unknown,0.228,unknown,0.208,"[0.6471, 0.4008, 0.7587, 0.5992]",0.679,0.476,0.048,0.05,0.213,0.0,0.0,0.026,0.0,0.0,0.0,0.012,0.083,0.0,0.009,0.006,0.0,0.006,0.0,0.014,0.005,0.006,0.076,0.0,0.002,0.023,0.0,0.003,0.002,0.014,0.0,0.002,0.0,0.005,0.0,0.002,0.003,0.05,0.001,0.0,0.0,0.0,0.0,0.0,0.053,0.0,0.0,0.0,0.002,0.003,0.0,0.0,0.003,0.001,0.01,0.0,0.001,0.013,0.009,0.0,0.025,0.208,0.0,0.0,0.003,0.0,0.354,0.0,0.0,0.0,0.0,0.016,0.0,0.002,0.0,0.004,0.0,0.228,0.006,0.007,0.001,0.001,0.0,0.0,0.0,0.0
156,/media/olly/Red_SSD/Sample_Imgs_For_Natty/images/silvereye/38eeecc0-5b61-4ba3-b970-28be404d4e1b.JPG,09/10/2020 09:30:46,09:30:46,Silvereye,1.0,silvereye,Silvereye,1.0,Fiordland Crested Penguin,0.0,Goat,0.0,"[0.8248, 0.3677, 0.9364, 0.5661]",0.848,0.434,0.065,0.066,0.748,0.0,0.0,0.0,0.0,0.0,0.0,0.0,0.0,0.0,0.0,0.0,0.0,0.0,0.0,0.0,0.0,0.0,0.0,0.0,0.0,0.0,0.0,0.0,0.0,0.0,0.0,0.0,0.0,0.0,0.0,0.0,0.0,0.0,0.0,0.0,0.0,0.0,0.0,0.0,0.0,0.0,0.0,0.0,0.0,0.0,0.0,0.0,0.0,0.0,0.0,0.0,0.0,0.0,0.0,0.0,0.0,0.0,0.0,0.0,0.0,0.0,1.0,0.0,0.0,0.0,0.0,0.0,0.0,0.0,0.0,0.0,0.0,0.0,0.0,0.0,0.0,0.0,0.0,0.0,0.0,0.0
157,/media/olly/Red_SSD/Sample_Imgs_For_Natty/images/silvereye/13a8f934-a53f-4752-b22f-ce4ced3ac4ab.JPG,12/11/2020 16:45:00,16:45:00,Silvereye,1.0,silvereye,Silvereye,1.0,Fiordland Crested Penguin,0.0,Goat,0.0,"[0.4135, 0.4335, 0.5251, 0.6319]",0.459,0.486,0.02,0.093,0.818,0.0,0.0,0.0,0.0,0.0,0.0,0.0,0.0,0.0,0.0,0.0,0.0,0.0,0.0,0.0,0.0,0.0,0.0,0.0,0.0,0.0,0.0,0.0,0.0,0.0,0.0,0.0,0.0,0.0,0.0,0.0,0.0,0.0,0.0,0.0,0.0,0.0,0.0,0.0,0.0,0.0,0.0,0.0,0.0,0.0,0.0,0.0,0.0,0.0,0.0,0.0,0.0,0.0,0.0,0.0,0.0,0.0,0.0,0.0,0.0,0.0,1.0,0.0,0.0,0.0,0.0,0.0,0.0,0.0,0.0,0.0,0.0,0.0,0.0,0.0,0.0,0.0,0.0,0.0,0.0,0.0
158,/media/olly/Red_SSD/Sample_Imgs_For_Natty/images/silvereye/1c8b81d9-eab5-4b17-ab9e-26ad26f39a39.JPG,12/11/2020 16:45:00,16:45:00,Silvereye,1.0,silvereye,Silvereye,0.906,Bellbird,0.009,Dunnock,0.005,"[0.4053, 0.4494, 0.5169, 0.6478]",0.437,0.512,0.048,0.075,0.65,0.0,0.0,0.009,0.0,0.0,0.0,0.001,0.0,0.0,0.0,0.0,0.0,0.0,0.0,0.0,0.0,0.005,0.001,0.0,0.0,0.002,0.0,0.0,0.0,0.0,0.0,0.0,0.0,0.0,0.0,0.0,0.0,0.0,0.0,0.0,0.0,0.0,0.0,0.0,0.001,0.0,0.0,0.0,0.0,0.0,0.0,0.0,0.0,0.0,0.0,0.0,0.0,0.0,0.0,0.0,0.0,0.0,0.0,0.0,0.0,0.0,0.906,0.0,0.0,0.0,0.0,0.0,0.0,0.0,0.0,0.001,0.0,0.001,0.0,0.0,0.0,0.0,0.0,0.0,0.0,0.0
159,/media/olly/Red_SSD/Sample_Imgs_For_Natty/images/stoat/95C7FD5B-1AA7-4E0F-A605-54C3DC11CEBD.JPG,24/02/2020 01:09:59,01:09:59,Stoat,0.998,stoat,Stoat,0.998,Weasel,0.0,Rat,0.0,"[0.3447, 0.0, 0.6787, 0.5906]",0.345,0.193,0.334,0.16,0.874,0.0,0.0,0.0,0.0,0.0,0.0,0.0,0.0,0.0,0.0,0.0,0.0,0.0,0.0,0.0,0.0,0.0,0.0,0.0,0.0,0.0,0.0,0.0,0.0,0.0,0.0,0.0,0.0,0.0,0.0,0.0,0.0,0.0,0.0,0.0,0.0,0.0,0.0,0.0,0.0,0.0,0.0,0.0,0.0,0.0,0.0,0.0,0.0,0.0,0.0,0.0,0.0,0.0,0.0,0.0,0.0,0.0,0.0,0.0,0.0,0.0,0.0,0.0,0.0,0.0,0.0,0.998,0.0,0.0,0.0,0.0,0.0,0.0,0.0,0.0,0.0,0.0,0.0,0.0,0.0,0.0
160,/media/olly/Red_SSD/Sample_Imgs_For_Natty/images/stoat/6091981C-E529-493E-92BD-7DFDF295C100.JPG,26/02/2020 03:21:48,03:21:48,Stoat,0.989,stoat,Stoat,0.989,Weasel,0.003,Human,0.0,"[0.4453, 0.1191, 0.6685, 0.5138]",0.53,0.182,0.054,0.269,0.87,0.0,0.0,0.0,0.0,0.0,0.0,0.0,0.0,0.0,0.0,0.0,0.0,0.0,0.0,0.0,0.0,0.0,0.0,0.0,0.0,0.0,0.0,0.0,0.0,0.0,0.0,0.0,0.0,0.0,0.0,0.0,0.0,0.0,0.0,0.0,0.0,0.0,0.0,0.0,0.0,0.0,0.0,0.0,0.0,0.0,0.0,0.0,0.0,0.0,0.0,0.0,0.0,0.0,0.0,0.0,0.0,0.0,0.0,0.0,0.0,0.0,0.0,0.0,0.0,0.0,0.0,0.989,0.0,0.0,0.0,0.0,0.0,0.0,0.0,0.0,0.003,0.0,0.0,0.0,0.0,0.0
161,/media/olly/Red_SSD/Sample_Imgs_For_Natty/images/stoat/4E5E6B2F-CDDD-4C13-9E1B-DD2EF62603D8.JPG,16/03/2020 03:39:30,03:39:30,Stoat,1.0,stoat,Stoat,1.0,Fiordland Crested Penguin,0.0,Goat,0.0,"[0.2245, 0.3852, 0.4782, 0.834]",0.225,0.42,0.254,0.381,0.964,0.0,0.0,0.0,0.0,0.0,0.0,0.0,0.0,0.0,0.0,0.0,0.0,0.0,0.0,0.0,0.0,0.0,0.0,0.0,0.0,0.0,0.0,0.0,0.0,0.0,0.0,0.0,0.0,0.0,0.0,0.0,0.0,0.0,0.0,0.0,0.0,0.0,0.0,0.0,0.0,0.0,0.0,0.0,0.0,0.0,0.0,0.0,0.0,0.0,0.0,0.0,0.0,0.0,0.0,0.0,0.0,0.0,0.0,0.0,0.0,0.0,0.0,0.0,0.0,0.0,0.0,1.0,0.0,0.0,0.0,0.0,0.0,0.0,0.0,0.0,0.0,0.0,0.0,0.0,0.0,0.0
162,/media/olly/Red_SSD/Sample_Imgs_For_Natty/images/stoat/8BAB48F1-DAC7-41DA-91E7-9D7271532665.JPG,16/03/2020 03:39:35,03:39:30,Stoat,1.0,stoat,Stoat,0.944,Weasel,0.022,Ferret,0.002,"[0.3213, 0.3474, 0.591, 0.8243]",0.321,0.481,0.27,0.21,0.963,0.0,0.0,0.0,0.0,0.0,0.0,0.0,0.0,0.0,0.0,0.0,0.0,0.0,0.0,0.0,0.0,0.0,0.0,0.0,0.002,0.0,0.0,0.0,0.0,0.0,0.0,0.0,0.0,0.0,0.0,0.0,0.0,0.0,0.0,0.0,0.0,0.0,0.0,0.0,0.001,0.0,0.0,0.0,0.0,0.0,0.0,0.0,0.0,0.0,0.0,0.0,0.0,0.0,0.001,0.0,0.0,0.0,0.0,0.0,0.0,0.0,0.0,0.0,0.0,0.0,0.0,0.944,0.0,0.0,0.0,0.0,0.0,0.0,0.0,0.0,0.022,0.0,0.0,0.0,0.0,0.0
163,/media/olly/Red_SSD/Sample_Imgs_For_Natty/images/stoat/8B76F376-C5E4-4558-9E73-03F8A77C7A4D.JPG,14/11/2022 04:57:20,04:57:20,Stoat,0.786,stoat,Stoat,0.786,Weasel,0.151,Possum,0.001,"[0.0472, 0.2018, 0.3273, 0.7023]",0.125,0.202,0.125,0.501,0.92,0.0,0.0,0.0,0.0,0.0,0.0,0.0,0.0,0.0,0.0,0.0,0.0,0.0,0.0,0.0,0.0,0.0,0.0,0.0,0.0,0.0,0.0,0.0,0.0,0.0,0.0,0.0,0.0,0.0,0.0,0.0,0.0,0.0,0.0,0.0,0.0,0.0,0.0,0.0,0.0,0.0,0.0,0.0,0.0,0.0,0.0,0.0,0.0,0.0,0.001,0.0,0.0,0.0,0.0,0.0,0.0,0.0,0.0,0.0,0.0,0.0,0.0,0.0,0.0,0.0,0.0,0.786,0.0,0.0,0.0,0.0,0.0,0.0,0.0,0.0,0.151,0.0,0.0,0.0,0.0,0.0
164,/media/olly/Red_SSD/Sample_Imgs_For_Natty/images/stoat/81C79742-E595-4B32-AC45-9DA11F8D8381.JPG,15/11/2022 02:57:14,02:57:14,Stoat,0.857,stoat,Stoat,0.857,Weasel,0.039,Rat,0.003,"[0.1183, 0.1809, 0.3415, 0.5798]",0.158,0.232,0.144,0.297,0.87,0.0,0.0,0.0,0.0,0.0,0.0,0.0,0.0,0.0,0.0,0.0,0.0,0.0,0.0,0.0,0.0,0.0,0.0,0.0,0.0,0.0,0.0,0.0,0.0,0.0,0.0,0.0,0.0,0.0,0.0,0.0,0.0,0.0,0.0,0.0,0.0,0.0,0.0,0.0,0.001,0.0,0.0,0.0,0.0,0.0,0.0,0.0,0.0,0.0,0.002,0.0,0.0,0.0,0.003,0.0,0.0,0.0,0.0,0.0,0.0,0.0,0.0,0.0,0.0,0.0,0.0,0.857,0.0,0.0,0.0,0.0,0.0,0.0,0.0,0.0,0.039,0.0,0.0,0.0,0.0,0.0
165,/media/olly/Red_SSD/Sample_Imgs_For_Natty/images/stoat/2D7E5BAB-36AC-475E-BFBD-C5E599C74348.JPG,18/11/2022 01:57:22,01:57:22,Stoat,0.661,stoat,Stoat,0.661,Weasel,0.158,Kiwi,0.004,"[0.0115, 0.2307, 0.2347, 0.6297]",0.062,0.252,0.122,0.358,0.937,0.0,0.0,0.0,0.0,0.0,0.0,0.0,0.0,0.0,0.0,0.0,0.0,0.0,0.0,0.0,0.0,0.0,0.0,0.0,0.0,0.0,0.0,0.0,0.0,0.0,0.0,0.0,0.0,0.0,0.0,0.0,0.0,0.0,0.004,0.0,0.0,0.0,0.0,0.0,0.0,0.0,0.0,0.0,0.0,0.0,0.0,0.0,0.0,0.0,0.001,0.0,0.0,0.0,0.001,0.0,0.0,0.0,0.0,0.0,0.0,0.0,0.0,0.0,0.0,0.0,0.0,0.661,0.0,0.0,0.0,0.0,0.0,0.0,0.0,0.0,0.158,0.0,0.0,0.0,0.0,0.0
166,/media/olly/Red_SSD/Sample_Imgs_For_Natty/images/stoat/955CEDDD-35FD-48DB-A436-46E1756169A6.JPG,28/11/2022 03:33:18,03:33:18,Stoat,0.845,stoat,Stoat,0.845,Weasel,0.08,Possum,0.003,"[0.0, 0.1536, 0.2232, 0.5525]",0.0,0.265,0.146,0.177,0.854,0.0,0.0,0.0,0.0,0.0,0.0,0.0,0.0,0.0,0.0,0.0,0.0,0.0,0.0,0.0,0.0,0.0,0.0,0.0,0.0,0.0,0.0,0.0,0.0,0.0,0.0,0.0,0.0,0.0,0.0,0.0,0.0,0.0,0.001,0.0,0.0,0.0,0.0,0.0,0.002,0.0,0.0,0.0,0.0,0.0,0.0,0.0,0.0,0.0,0.003,0.0,0.0,0.0,0.002,0.0,0.0,0.0,0.0,0.0,0.0,0.0,0.0,0.0,0.0,0.0,0.0,0.845,0.0,0.0,0.0,0.0,0.0,0.0,0.0,0.0,0.08,0.0,0.0,0.0,0.0,0.0
167,/media/olly/Red_SSD/Sample_Imgs_For_Natty/images/stoat/84284910-D71E-45F5-94C7-C93A099E3D35.JPG,14/12/2022 22:21:55,22:21:55,Stoat,0.971,stoat,Stoat,0.946,Weasel,0.021,Mouse,0.0,"[0.3192, 0.2323, 0.5505, 0.6458]",0.32,0.3,0.231,0.279,0.836,0.0,0.0,0.0,0.0,0.0,0.0,0.0,0.0,0.0,0.0,0.0,0.0,0.0,0.0,0.0,0.0,0.0,0.0,0.0,0.0,0.0,0.0,0.0,0.0,0.0,0.0,0.0,0.0,0.0,0.0,0.0,0.0,0.0,0.0,0.0,0.0,0.0,0.0,0.0,0.0,0.0,0.0,0.0,0.0,0.0,0.0,0.0,0.0,0.0,0.0,0.0,0.0,0.0,0.0,0.0,0.0,0.0,0.0,0.0,0.0,0.0,0.0,0.0,0.0,0.0,0.0,0.946,0.0,0.0,0.0,0.0,0.0,0.0,0.0,0.0,0.021,0.0,0.0,0.0,0.0,0.0
168,/media/olly/Red_SSD/Sample_Imgs_For_Natty/images/stoat/36B590EE-8D27-4308-AC15-7DAB48E80971.JPG,14/12/2022 22:21:57,22:21:55,Stoat,0.971,stoat,Stoat,0.659,Weasel,0.218,Rat,0.003,"[0.3956, 0.3216, 0.6427, 0.7631]",0.396,0.443,0.247,0.199,0.872,0.0,0.0,0.0,0.0,0.0,0.0,0.0,0.0,0.0,0.0,0.0,0.0,0.0,0.0,0.0,0.0,0.0,0.0,0.0,0.0,0.0,0.0,0.0,0.0,0.0,0.0,0.0,0.0,0.0,0.0,0.0,0.0,0.0,0.001,0.0,0.0,0.0,0.0,0.0,0.001,0.0,0.0,0.0,0.0,0.0,0.0,0.0,0.0,0.0,0.001,0.0,0.0,0.0,0.003,0.0,0.0,0.0,0.0,0.0,0.0,0.0,0.0,0.0,0.0,0.0,0.0,0.659,0.0,0.0,0.0,0.0,0.0,0.0,0.0,0.0,0.218,0.0,0.0,0.0,0.0,0.0
169,/media/olly/Red_SSD/Sample_Imgs_For_Natty/images/stoat/20522869-3F35-443B-8BCF-1DC5978A3570.JPG,14/12/2022 22:21:59,22:21:55,Stoat,0.971,stoat,Stoat,0.971,Weasel,0.01,Ferret,0.0,"[0.4604, 0.433, 0.7145, 0.8872]",0.534,0.434,0.108,0.454,0.441,0.0,0.0,0.0,0.0,0.0,0.0,0.0,0.0,0.0,0.0,0.0,0.0,0.0,0.0,0.0,0.0,0.0,0.0,0.0,0.0,0.0,0.0,0.0,0.0,0.0,0.0,0.0,0.0,0.0,0.0,0.0,0.0,0.0,0.0,0.0,0.0,0.0,0.0,0.0,0.0,0.0,0.0,0.0,0.0,0.0,0.0,0.0,0.0,0.0,0.0,0.0,0.0,0.0,0.0,0.0,0.0,0.0,0.0,0.0,0.0,0.0,0.0,0.0,0.0,0.0,0.0,0.971,0.0,0.0,0.0,0.0,0.0,0.0,0.0,0.0,0.01,0.0,0.0,0.0,0.0,0.0
170,/media/olly/Red_SSD/Sample_Imgs_For_Natty/images/stoat/4E2F6D6E-3F8A-4A09-971D-9FBEF3C6D21E.JPG,14/12/2022 22:22:52,22:22:52,Stoat,0.914,stoat,Stoat,0.914,Weasel,0.016,Mouse,0.007,"[0.4933, 0.141, 0.7165, 0.5399]",0.534,0.2,0.143,0.282,0.77,0.0,0.0,0.0,0.0,0.0,0.0,0.0,0.0,0.0,0.0,0.0,0.0,0.0,0.0,0.0,0.0,0.0,0.0,0.0,0.0,0.0,0.0,0.0,0.0,0.0,0.0,0.0,0.0,0.0,0.0,0.0,0.0,0.0,0.0,0.0,0.0,0.0,0.0,0.0,0.007,0.0,0.0,0.0,0.0,0.0,0.0,0.0,0.0,0.0,0.002,0.0,0.0,0.0,0.004,0.0,0.0,0.0,0.0,0.0,0.0,0.0,0.0,0.0,0.0,0.0,0.0,0.914,0.0,0.0,0.0,0.0,0.0,0.0,0.0,0.0,0.016,0.0,0.0,0.0,0.0,0.0
171,/media/olly/Red_SSD/Sample_Imgs_For_Natty/images/stoat/4AA108FB-A762-45B5-891F-C5E37B39250F.JPG,26/12/2022 13:50:44,13:50:44,Stoat,0.961,stoat,Stoat,0.961,Possum,0.004,Kea,0.003,"[0.2375, 0.4928, 0.5213, 1.0]",0.238,0.715,0.284,0.253,0.948,0.0,0.0,0.0,0.0,0.0,0.0,0.001,0.0,0.0,0.001,0.0,0.0,0.0,0.0,0.0,0.0,0.0,0.0,0.0,0.001,0.0,0.0,0.0,0.0,0.0,0.0,0.0,0.0,0.0,0.0,0.0,0.003,0.0,0.0,0.0,0.0,0.0,0.0,0.0,0.001,0.0,0.0,0.0,0.0,0.0,0.0,0.0,0.0,0.0,0.004,0.0,0.0,0.001,0.0,0.0,0.0,0.002,0.0,0.0,0.0,0.0,0.0,0.0,0.0,0.0,0.0,0.961,0.0,0.0,0.0,0.0,0.0,0.0,0.0,0.0,0.002,0.001,0.0,0.0,0.0,0.0
172,/media/olly/Red_SSD/Sample_Imgs_For_Natty/images/stoat/13FC57CA-0014-42A6-824A-4792BDCDB8B8.JPG,30/12/2022 13:33:41,13:33:41,Stoat,0.998,stoat,Stoat,0.998,Weasel,0.0,Fiordland Crested Penguin,0.0,"[0.5379, 0.1882, 0.7612, 0.5829]",0.555,0.343,0.189,0.086,0.827,0.0,0.0,0.0,0.0,0.0,0.0,0.0,0.0,0.0,0.0,0.0,0.0,0.0,0.0,0.0,0.0,0.0,0.0,0.0,0.0,0.0,0.0,0.0,0.0,0.0,0.0,0.0,0.0,0.0,0.0,0.0,0.0,0.0,0.0,0.0,0.0,0.0,0.0,0.0,0.0,0.0,0.0,0.0,0.0,0.0,0.0,0.0,0.0,0.0,0.0,0.0,0.0,0.0,0.0,0.0,0.0,0.0,0.0,0.0,0.0,0.0,0.0,0.0,0.0,0.0,0.0,0.998,0.0,0.0,0.0,0.0,0.0,0.0,0.0,0.0,0.0,0.0,0.0,0.0,0.0,0.0
173,/media/olly/Red_SSD/Sample_Imgs_For_Natty/images/stoat/24FB650E-FB85-446D-892B-A9744E718A77.JPG,03/01/2023 20:32:18,20:32:18,Stoat,0.673,stoat,Stoat,0.673,Weasel,0.103,Blackbird,0.012,"[0.6931, 0.0951, 0.9163, 0.494]",0.714,0.145,0.182,0.3,0.916,0.0,0.0,0.003,0.0,0.0,0.0,0.012,0.0,0.0,0.002,0.0,0.0,0.0,0.0,0.002,0.0,0.0,0.0,0.0,0.001,0.002,0.0,0.0,0.0,0.002,0.0,0.0,0.0,0.002,0.0,0.0,0.002,0.001,0.0,0.0,0.0,0.0,0.0,0.0,0.006,0.0,0.0,0.0,0.0,0.0,0.0,0.0,0.0,0.0,0.003,0.0,0.0,0.002,0.004,0.0,0.002,0.012,0.0,0.0,0.0,0.0,0.0,0.0,0.0,0.0,0.0,0.673,0.0,0.0,0.0,0.011,0.0,0.002,0.0,0.0,0.103,0.001,0.0,0.0,0.0,0.0
174,/media/olly/Red_SSD/Sample_Imgs_For_Natty/images/stoat/8A0669E9-341A-40AB-B9AA-85C905811E9B.JPG,11/01/2023 19:18:34,19:18:34,Stoat,0.995,stoat,Stoat,0.995,Weasel,0.001,Dog,0.0,"[0.2541, 0.5303, 0.4773, 0.925]",0.295,0.689,0.142,0.079,0.553,0.0,0.0,0.0,0.0,0.0,0.0,0.0,0.0,0.0,0.0,0.0,0.0,0.0,0.0,0.0,0.0,0.0,0.0,0.0,0.0,0.0,0.0,0.0,0.0,0.0,0.0,0.0,0.0,0.0,0.0,0.0,0.0,0.0,0.0,0.0,0.0,0.0,0.0,0.0,0.0,0.0,0.0,0.0,0.0,0.0,0.0,0.0,0.0,0.0,0.0,0.0,0.0,0.0,0.0,0.0,0.0,0.0,0.0,0.0,0.0,0.0,0.0,0.0,0.0,0.0,0.0,0.995,0.0,0.0,0.0,0.0,0.0,0.0,0.0,0.0,0.001,0.0,0.0,0.0,0.0,0.0
175,/media/olly/Red_SSD/Sample_Imgs_For_Natty/images/stoat/221C0BAA-188E-464C-932C-0400D6B2E223.JPG,13/01/2023 19:09:54,19:09:54,Stoat,0.79,stoat,Stoat,0.79,Weasel,0.101,Cat,0.012,"[0.1244, 0.5716, 0.3514, 0.977]",0.125,0.581,0.227,0.388,0.897,0.0,0.0,0.004,0.0,0.0,0.0,0.005,0.0,0.0,0.012,0.001,0.0,0.0,0.0,0.004,0.01,0.0,0.001,0.0,0.008,0.002,0.0,0.005,0.0,0.009,0.0,0.002,0.0,0.006,0.0,0.0,0.004,0.001,0.001,0.0,0.0,0.0,0.0,0.0,0.005,0.0,0.0,0.0,0.0,0.0,0.0,0.0,0.002,0.0,0.003,0.0,0.0,0.009,0.01,0.0,0.001,0.005,0.0,0.0,0.001,0.0,0.001,0.0,0.0,0.0,0.0,0.79,0.0,0.0,0.0,0.008,0.0,0.002,0.0,0.001,0.101,0.0,0.0,0.0,0.0,0.0
176,/media/olly/Red_SSD/Sample_Imgs_For_Natty/images/stoat/6E1B1B6A-A7DC-4CCF-9B26-02D7CA090135.JPG,30/01/2023 05:15:01,05:15:01,Stoat,0.944,stoat,Stoat,0.944,Weasel,0.022,Rat,0.001,"[0.5523, 0.277, 0.8919, 0.8837]",0.553,0.37,0.34,0.42,0.91,0.0,0.0,0.0,0.0,0.0,0.0,0.0,0.0,0.0,0.0,0.0,0.0,0.0,0.0,0.0,0.0,0.0,0.0,0.0,0.0,0.0,0.0,0.0,0.0,0.0,0.0,0.0,0.0,0.0,0.0,0.0,0.0,0.0,0.0,0.0,0.0,0.0,0.0,0.0,0.0,0.0,0.0,0.0,0.0,0.0,0.0,0.0,0.0,0.0,0.0,0.0,0.0,0.0,0.001,0.0,0.0,0.0,0.0,0.0,0.0,0.0,0.0,0.0,0.0,0.0,0.0,0.944,0.0,0.0,0.0,0.0,0.0,0.0,0.0,0.0,0.022,0.0,0.0,0.0,0.0,0.0
177,/media/olly/Red_SSD/Sample_Imgs_For_Natty/images/thrush/2FDBFC06-5A75-4755-BC6D-5A419ED17081.JPG,16/12/2022 20:18:33,20:18:33,Thrush,0.81,thrush,Thrush,0.81,Blackbird,0.119,Dunnock,0.014,"[0.2891, 0.2566, 0.5123, 0.6556]",0.344,0.343,0.114,0.227,0.77,0.0,0.0,0.002,0.0,0.0,0.0,0.119,0.0,0.0,0.0,0.0,0.0,0.0,0.0,0.0,0.0,0.014,0.0,0.0,0.0,0.003,0.0,0.0,0.0,0.001,0.0,0.0,0.0,0.0,0.0,0.0,0.0,0.0,0.0,0.0,0.0,0.0,0.0,0.0,0.01,0.0,0.0,0.0,0.0,0.0,0.0,0.0,0.0,0.0,0.0,0.0,0.001,0.0,0.0,0.0,0.005,0.009,0.0,0.0,0.0,0.0,0.0,0.0,0.0,0.0,0.0,0.001,0.0,0.0,0.0,0.81,0.0,0.001,0.0,0.0,0.0,0.0,0.0,0.0,0.0,0.0
178,/media/olly/Red_SSD/Sample_Imgs_For_Natty/images/thrush/27E09C69-27C5-4467-BC3E-3CCFDFCA7FB6.JPG,16/12/2022 20:18:35,20:18:33,Thrush,0.81,thrush,unknown,0.491,unknown,0.354,unknown,0.051,"[0.0714, 0.0, 0.2946, 0.3989]",0.152,0.0,0.062,0.158,0.836,0.0,0.0,0.002,0.0,0.0,0.0,0.051,0.0,0.0,0.001,0.0,0.0,0.0,0.0,0.001,0.0,0.005,0.0,0.0,0.0,0.002,0.0,0.0,0.0,0.003,0.0,0.0,0.0,0.001,0.0,0.0,0.001,0.0,0.0,0.0,0.0,0.0,0.0,0.001,0.024,0.0,0.0,0.0,0.0,0.0,0.0,0.0,0.0,0.0,0.0,0.0,0.0,0.002,0.001,0.0,0.014,0.354,0.0,0.0,0.0,0.0,0.0,0.0,0.0,0.0,0.0,0.001,0.0,0.0,0.0,0.491,0.0,0.009,0.0,0.0,0.0,0.0,0.0,0.0,0.0,0.0
179,/media/olly/Red_SSD/Sample_Imgs_For_Natty/images/thrush/374541DF-2776-4CF1-81FC-3E48406FC199.JPG,23/12/2022 17:34:56,17:34:56,Thrush,0.982,thrush,Thrush,0.966,Blackbird,0.006,Dunnock,0.004,"[0.1283, 0.4295, 0.3516, 0.8285]",0.149,0.483,0.182,0.293,0.921,0.0,0.0,0.0,0.0,0.0,0.0,0.006,0.0,0.0,0.0,0.0,0.0,0.0,0.0,0.0,0.0,0.004,0.0,0.0,0.0,0.0,0.0,0.0,0.0,0.0,0.0,0.0,0.0,0.0,0.0,0.0,0.0,0.0,0.0,0.0,0.0,0.0,0.0,0.0,0.002,0.0,0.0,0.0,0.0,0.0,0.0,0.0,0.0,0.0,0.0,0.0,0.0,0.0,0.0,0.0,0.0,0.0,0.0,0.0,0.0,0.0,0.0,0.0,0.0,0.0,0.0,0.0,0.0,0.0,0.0,0.966,0.0,0.0,0.0,0.0,0.0,0.0,0.0,0.0,0.0,0.0
180,/media/olly/Red_SSD/Sample_Imgs_For_Natty/images/thrush/63D773AA-9147-4584-9559-D2FB22807E69.JPG,23/12/2022 17:34:58,17:34:56,Thrush,0.982,thrush,Thrush,0.982,Blackbird,0.002,Dunnock,0.002,"[0.1052, 0.378, 0.3347, 0.7881]",0.141,0.378,0.16,0.41,0.879,0.0,0.0,0.0,0.0,0.0,0.0,0.002,0.0,0.0,0.0,0.0,0.0,0.0,0.0,0.0,0.0,0.002,0.0,0.0,0.0,0.0,0.0,0.0,0.0,0.0,0.0,0.0,0.0,0.0,0.0,0.0,0.0,0.0,0.0,0.0,0.0,0.0,0.0,0.0,0.001,0.0,0.0,0.0,0.0,0.0,0.0,0.0,0.0,0.0,0.0,0.0,0.0,0.0,0.0,0.0,0.0,0.0,0.0,0.0,0.0,0.0,0.0,0.0,0.0,0.0,0.0,0.0,0.0,0.0,0.0,0.982,0.0,0.0,0.0,0.0,0.0,0.0,0.0,0.0,0.0,0.0
181,/media/olly/Red_SSD/Sample_Imgs_For_Natty/images/thrush/B7DAE69E-D941-484D-8BD0-7DE6F89B1957.JPG,23/12/2022 17:35:01,17:34:56,Thrush,0.982,thrush,Thrush,0.958,Blackbird,0.007,Mouse,0.005,"[0.1059, 0.3767, 0.3321, 0.781]",0.139,0.377,0.161,0.404,0.906,0.0,0.0,0.0,0.0,0.0,0.0,0.007,0.0,0.0,0.0,0.0,0.0,0.0,0.0,0.0,0.0,0.004,0.0,0.0,0.0,0.0,0.0,0.0,0.0,0.001,0.0,0.0,0.0,0.0,0.0,0.0,0.0,0.0,0.0,0.0,0.0,0.0,0.0,0.0,0.005,0.0,0.0,0.0,0.0,0.0,0.0,0.0,0.0,0.001,0.0,0.0,0.0,0.0,0.0,0.0,0.001,0.001,0.0,0.0,0.0,0.0,0.0,0.0,0.0,0.0,0.0,0.0,0.0,0.0,0.0,0.958,0.0,0.0,0.0,0.0,0.0,0.0,0.0,0.0,0.0,0.0
182,/media/olly/Red_SSD/Sample_Imgs_For_Natty/images/thrush/E28DA6FF-DCEB-4F24-BC2B-5C759C9DB7A5.JPG,08/01/2023 12:38:06,12:38:06,Thrush,0.947,thrush,Thrush,0.947,Blackbird,0.017,Dunnock,0.014,"[0.0, 0.2453, 0.2232, 0.6443]",0.0,0.316,0.198,0.257,0.838,0.0,0.0,0.0,0.0,0.0,0.0,0.017,0.0,0.0,0.001,0.0,0.0,0.0,0.0,0.001,0.0,0.014,0.0,0.0,0.0,0.0,0.0,0.0,0.0,0.001,0.0,0.0,0.0,0.0,0.0,0.0,0.0,0.0,0.0,0.0,0.0,0.0,0.0,0.001,0.009,0.0,0.0,0.0,0.0,0.0,0.0,0.0,0.0,0.0,0.0,0.0,0.0,0.001,0.0,0.0,0.001,0.001,0.0,0.0,0.0,0.0,0.0,0.0,0.0,0.0,0.0,0.002,0.0,0.0,0.0,0.947,0.0,0.0,0.0,0.0,0.0,0.0,0.0,0.0,0.0,0.0
183,/media/olly/Red_SSD/Sample_Imgs_For_Natty/images/tomtit/0a73ab9e-d661-4dbd-b103-f4b8db85e8d9.JPG,01/12/2020 11:33:51,11:33:51,empty,0.0,tomtit,empty,0.0,empty,0.0,empty,0.0,"[0.0, 0.0, 1.0, 1.7751]",0.0,0.0,1.0,1.0,-1.0,0.0,0.001,0.008,0.001,0.0,0.0,0.023,0.0,0.001,0.048,0.018,0.001,0.043,0.0,0.097,0.036,0.009,0.008,0.0,0.001,0.013,0.0,0.407,0.0,0.01,0.015,0.001,0.001,0.166,0.001,0.0,0.013,0.002,0.0,0.0,0.0,0.006,0.0,0.0,0.009,0.002,0.0,0.002,0.005,0.0,0.0,0.001,0.018,0.003,0.002,0.005,0.004,0.005,0.002,0.0,0.009,0.013,0.0,0.002,0.014,0.0,0.001,0.004,0.0,0.002,0.0,0.028,0.0,0.003,0.003,0.021,0.0,0.025,0.002,0.002,0.001,0.018,0.0,0.0,0.001,0.0
184,/media/olly/Red_SSD/Sample_Imgs_For_Natty/images/tomtit/278a8d02-07d0-40e9-8023-fd2685b7e5aa.JPG,01/12/2020 11:33:51,11:33:51,empty,0.0,tomtit,empty,0.0,empty,0.0,empty,0.0,"[0.0, 0.0, 1.0, 1.7751]",0.0,0.0,1.0,1.0,-1.0,0.0,0.001,0.019,0.001,0.0,0.0,0.041,0.0,0.001,0.04,0.021,0.002,0.05,0.0,0.119,0.037,0.014,0.012,0.0,0.001,0.026,0.0,0.341,0.0,0.016,0.019,0.001,0.001,0.201,0.002,0.0,0.026,0.005,0.001,0.0,0.0,0.009,0.0,0.0,0.016,0.002,0.0,0.002,0.008,0.0,0.0,0.001,0.021,0.006,0.004,0.006,0.004,0.008,0.003,0.0,0.023,0.027,0.0,0.003,0.022,0.0,0.003,0.005,0.0,0.003,0.0,0.046,0.0,0.003,0.003,0.042,0.0,0.047,0.003,0.004,0.001,0.02,0.0,0.0,0.001,0.001
185,/media/olly/Red_SSD/Sample_Imgs_For_Natty/images/tomtit/86eaaf5c-3379-4141-9d59-53d9844a3a7b.JPG,01/12/2020 11:33:51,11:33:51,empty,0.0,tomtit,empty,0.0,empty,0.0,empty,0.0,"[0.0, 0.0, 1.0, 1.7751]",0.0,0.0,1.0,1.0,-1.0,0.0,0.002,0.019,0.001,0.0,0.0,0.039,0.0,0.001,0.054,0.027,0.002,0.045,0.0,0.133,0.04,0.017,0.018,0.0,0.001,0.027,0.0,0.298,0.0,0.016,0.016,0.001,0.001,0.176,0.002,0.0,0.022,0.006,0.0,0.0,0.0,0.008,0.0,0.0,0.015,0.002,0.0,0.001,0.004,0.0,0.0,0.001,0.021,0.008,0.004,0.004,0.006,0.008,0.003,0.001,0.023,0.028,0.0,0.003,0.018,0.0,0.003,0.01,0.0,0.002,0.0,0.044,0.0,0.004,0.001,0.056,0.0,0.053,0.003,0.004,0.001,0.018,0.0,0.0,0.001,0.002
